﻿Index,Month,Borough,Category,Event Type,Events
1,2016-01,Bronx,Film,Shooting Permit,2
2,2016-01,Bronx,Still Photography,Shooting Permit,5
3,2016-01,Bronx,Television,DCAS Prep/Shoot/Wrap Permit,1
4,2016-01,Bronx,Television,Shooting Permit,10
5,2016-01,Brooklyn,Commercial,Shooting Permit,15
6,2016-01,Brooklyn,Film,Shooting Permit,27
7,2016-01,Brooklyn,Television,DCAS Prep/Shoot/Wrap Permit,2
8,2016-01,Brooklyn,Television,Shooting Permit,131
9,2016-01,Brooklyn,Theater,Theater Load in and Load Outs,7
10,2016-01,Brooklyn,WEB,Rigging Permit,2
11,2016-01,Brooklyn,WEB,Shooting Permit,8
12,2016-01,Manhattan,Commercial,Shooting Permit,45
13,2016-01,Manhattan,Documentary,Shooting Permit,2
14,2016-01,Manhattan,Film,Shooting Permit,55
15,2016-01,Manhattan,Still Photography,Shooting Permit,9
16,2016-01,Manhattan,Student,Rigging Permit,1
17,2016-01,Manhattan,Television,DCAS Prep/Shoot/Wrap Permit,5
18,2016-01,Manhattan,Television,Shooting Permit,157
19,2016-01,Manhattan,Television,Theater Load in and Load Outs,1
20,2016-01,Manhattan,Theater,Shooting Permit,3
21,2016-01,Manhattan,Theater,Theater Load in and Load Outs,46
22,2016-01,Manhattan,WEB,Shooting Permit,12
23,2016-01,Queens,Commercial,Shooting Permit,11
24,2016-01,Queens,Film,Shooting Permit,10
25,2016-01,Queens,Still Photography,Shooting Permit,3
26,2016-01,Queens,Television,DCAS Prep/Shoot/Wrap Permit,1
27,2016-01,Queens,Television,Shooting Permit,145
28,2016-01,Queens,WEB,Shooting Permit,3
29,2016-01,Staten Island,Television,Shooting Permit,2
30,2016-02,Bronx,Film,DCAS Prep/Shoot/Wrap Permit,1
31,2016-02,Bronx,Television,Shooting Permit,15
32,2016-02,Brooklyn,Commercial,Shooting Permit,4
33,2016-02,Brooklyn,Film,Shooting Permit,22
34,2016-02,Brooklyn,Music Video,Shooting Permit,1
35,2016-02,Brooklyn,Still Photography,Shooting Permit,8
36,2016-02,Brooklyn,Student,Shooting Permit,2
37,2016-02,Brooklyn,Television,Rigging Permit,3
38,2016-02,Brooklyn,Television,Shooting Permit,162
39,2016-02,Brooklyn,Theater,Theater Load in and Load Outs,11
40,2016-02,Brooklyn,WEB,Shooting Permit,12
41,2016-02,Manhattan,Commercial,Shooting Permit,26
42,2016-02,Manhattan,Film,Rigging Permit,1
43,2016-02,Manhattan,Film,Shooting Permit,41
44,2016-02,Manhattan,Still Photography,Shooting Permit,27
45,2016-02,Manhattan,Student,Rigging Permit,3
46,2016-02,Manhattan,Student,Shooting Permit,2
47,2016-02,Manhattan,Television,DCAS Prep/Shoot/Wrap Permit,8
48,2016-02,Manhattan,Television,Rigging Permit,1
49,2016-02,Manhattan,Television,Shooting Permit,183
50,2016-02,Manhattan,Television,Theater Load in and Load Outs,2
51,2016-02,Manhattan,Theater,Rigging Permit,1
52,2016-02,Manhattan,Theater,Shooting Permit,2
53,2016-02,Manhattan,Theater,Theater Load in and Load Outs,66
54,2016-02,Manhattan,WEB,Shooting Permit,12
55,2016-02,Queens,Commercial,Shooting Permit,3
56,2016-02,Queens,Film,Shooting Permit,13
57,2016-02,Queens,Television,Shooting Permit,129
58,2016-02,Staten Island,Television,Shooting Permit,3
59,2016-03,Bronx,Commercial,Shooting Permit,5
60,2016-03,Bronx,Still Photography,Shooting Permit,2
61,2016-03,Bronx,Television,Shooting Permit,5
62,2016-03,Bronx,WEB,Shooting Permit,3
63,2016-03,Brooklyn,Commercial,Shooting Permit,23
64,2016-03,Brooklyn,Film,Shooting Permit,42
65,2016-03,Brooklyn,Still Photography,Shooting Permit,14
66,2016-03,Brooklyn,Television,Rigging Permit,8
67,2016-03,Brooklyn,Television,Shooting Permit,196
68,2016-03,Brooklyn,Theater,Theater Load in and Load Outs,10
69,2016-03,Brooklyn,WEB,Shooting Permit,5
70,2016-03,Manhattan,Commercial,Rigging Permit,2
71,2016-03,Manhattan,Commercial,Shooting Permit,57
72,2016-03,Manhattan,Commercial,Theater Load in and Load Outs,2
73,2016-03,Manhattan,Documentary,Shooting Permit,1
74,2016-03,Manhattan,Film,Rigging Permit,1
75,2016-03,Manhattan,Film,Shooting Permit,74
76,2016-03,Manhattan,Music Video,Shooting Permit,1
77,2016-03,Manhattan,Still Photography,Shooting Permit,35
78,2016-03,Manhattan,Student,Rigging Permit,1
79,2016-03,Manhattan,Television,DCAS Prep/Shoot/Wrap Permit,6
80,2016-03,Manhattan,Television,Rigging Permit,3
81,2016-03,Manhattan,Television,Shooting Permit,296
82,2016-03,Manhattan,Television,Theater Load in and Load Outs,1
83,2016-03,Manhattan,Theater,Shooting Permit,1
84,2016-03,Manhattan,Theater,Theater Load in and Load Outs,74
85,2016-03,Manhattan,WEB,Shooting Permit,4
86,2016-03,Queens,Commercial,Shooting Permit,2
87,2016-03,Queens,Film,Rigging Permit,2
88,2016-03,Queens,Film,Shooting Permit,11
89,2016-03,Queens,Still Photography,Shooting Permit,3
90,2016-03,Queens,Television,DCAS Prep/Shoot/Wrap Permit,3
91,2016-03,Queens,Television,Shooting Permit,163
92,2016-03,Queens,WEB,Shooting Permit,8
93,2016-03,Staten Island,Film,Shooting Permit,2
94,2016-03,Staten Island,Still Photography,Shooting Permit,1
95,2016-03,Staten Island,Television,Shooting Permit,1
96,2016-04,Bronx,Commercial,Shooting Permit,2
97,2016-04,Bronx,Film,Shooting Permit,1
98,2016-04,Bronx,Still Photography,Shooting Permit,4
99,2016-04,Bronx,Television,DCAS Prep/Shoot/Wrap Permit,1
100,2016-04,Bronx,Television,Shooting Permit,10
101,2016-04,Brooklyn,Commercial,Shooting Permit,20
102,2016-04,Brooklyn,Film,Shooting Permit,43
103,2016-04,Brooklyn,Still Photography,Shooting Permit,41
104,2016-04,Brooklyn,Student,Shooting Permit,4
105,2016-04,Brooklyn,Television,Rigging Permit,5
106,2016-04,Brooklyn,Television,Shooting Permit,123
107,2016-04,Brooklyn,Theater,Theater Load in and Load Outs,14
108,2016-04,Brooklyn,WEB,Shooting Permit,12
109,2016-04,Manhattan,Commercial,Shooting Permit,110
110,2016-04,Manhattan,Documentary,Shooting Permit,3
111,2016-04,Manhattan,Film,Rigging Permit,2
112,2016-04,Manhattan,Film,Shooting Permit,79
113,2016-04,Manhattan,Still Photography,Shooting Permit,72
114,2016-04,Manhattan,Student,Rigging Permit,4
115,2016-04,Manhattan,Television,DCAS Prep/Shoot/Wrap Permit,7
116,2016-04,Manhattan,Television,Rigging Permit,3
117,2016-04,Manhattan,Television,Shooting Permit,223
118,2016-04,Manhattan,Television,Theater Load in and Load Outs,1
119,2016-04,Manhattan,Theater,Shooting Permit,4
120,2016-04,Manhattan,Theater,Theater Load in and Load Outs,87
121,2016-04,Manhattan,WEB,Shooting Permit,34
122,2016-04,Queens,Commercial,Shooting Permit,4
123,2016-04,Queens,Film,Shooting Permit,9
124,2016-04,Queens,Still Photography,Shooting Permit,11
125,2016-04,Queens,Television,Rigging Permit,4
126,2016-04,Queens,Television,Shooting Permit,100
127,2016-04,Queens,WEB,Shooting Permit,3
128,2016-04,Staten Island,Film,Shooting Permit,4
129,2016-04,Staten Island,Television,Shooting Permit,1
130,2016-05,Bronx,Commercial,DCAS Prep/Shoot/Wrap Permit,1
131,2016-05,Bronx,Film,Shooting Permit,2
132,2016-05,Bronx,Still Photography,Shooting Permit,3
133,2016-05,Bronx,Television,Shooting Permit,6
134,2016-05,Brooklyn,Commercial,Shooting Permit,26
135,2016-05,Brooklyn,Film,Rigging Permit,11
136,2016-05,Brooklyn,Film,Shooting Permit,46
137,2016-05,Brooklyn,Still Photography,Shooting Permit,16
138,2016-05,Brooklyn,Television,Rigging Permit,1
139,2016-05,Brooklyn,Television,Shooting Permit,98
140,2016-05,Brooklyn,Theater,Theater Load in and Load Outs,13
141,2016-05,Brooklyn,WEB,Shooting Permit,5
142,2016-05,Manhattan,Commercial,Shooting Permit,22
143,2016-05,Manhattan,Commercial,Theater Load in and Load Outs,2
144,2016-05,Manhattan,Film,Rigging Permit,1
145,2016-05,Manhattan,Film,Shooting Permit,64
146,2016-05,Manhattan,Music Video,Shooting Permit,8
147,2016-05,Manhattan,Still Photography,Shooting Permit,82
148,2016-05,Manhattan,Student,Rigging Permit,2
149,2016-05,Manhattan,Television,Rigging Permit,6
150,2016-05,Manhattan,Television,Shooting Permit,176
151,2016-05,Manhattan,Television,Theater Load in and Load Outs,6
152,2016-05,Manhattan,Theater,Shooting Permit,10
153,2016-05,Manhattan,Theater,Theater Load in and Load Outs,64
154,2016-05,Manhattan,WEB,Shooting Permit,24
155,2016-05,Queens,Commercial,Shooting Permit,11
156,2016-05,Queens,Film,Shooting Permit,20
157,2016-05,Queens,Music Video,Shooting Permit,2
158,2016-05,Queens,Still Photography,Shooting Permit,5
159,2016-05,Queens,Television,DCAS Prep/Shoot/Wrap Permit,1
160,2016-05,Queens,Television,Shooting Permit,72
161,2016-05,Queens,WEB,Shooting Permit,4
162,2016-05,Staten Island,Film,Shooting Permit,7
163,2016-06,Bronx,Commercial,Shooting Permit,7
164,2016-06,Bronx,Film,Shooting Permit,8
165,2016-06,Bronx,Still Photography,Shooting Permit,3
166,2016-06,Bronx,Student,Shooting Permit,4
167,2016-06,Bronx,Television,DCAS Prep/Shoot/Wrap Permit,1
168,2016-06,Bronx,Television,Shooting Permit,5
169,2016-06,Brooklyn,Commercial,Shooting Permit,29
170,2016-06,Brooklyn,Documentary,Shooting Permit,1
171,2016-06,Brooklyn,Film,Shooting Permit,56
172,2016-06,Brooklyn,Music Video,Shooting Permit,1
173,2016-06,Brooklyn,Still Photography,Shooting Permit,23
174,2016-06,Brooklyn,Student,Shooting Permit,2
175,2016-06,Brooklyn,Television,Shooting Permit,144
176,2016-06,Brooklyn,Theater,Theater Load in and Load Outs,6
177,2016-06,Brooklyn,WEB,Shooting Permit,13
178,2016-06,Manhattan,Commercial,Shooting Permit,49
179,2016-06,Manhattan,Film,Rigging Permit,4
180,2016-06,Manhattan,Film,Shooting Permit,61
181,2016-06,Manhattan,Still Photography,Shooting Permit,98
182,2016-06,Manhattan,Student,Shooting Permit,1
183,2016-06,Manhattan,Television,DCAS Prep/Shoot/Wrap Permit,2
184,2016-06,Manhattan,Television,Rigging Permit,3
185,2016-06,Manhattan,Television,Shooting Permit,191
186,2016-06,Manhattan,Television,Theater Load in and Load Outs,9
187,2016-06,Manhattan,Theater,Shooting Permit,4
188,2016-06,Manhattan,Theater,Theater Load in and Load Outs,52
189,2016-06,Manhattan,WEB,Shooting Permit,27
190,2016-06,Queens,Commercial,Shooting Permit,5
191,2016-06,Queens,Film,Shooting Permit,16
192,2016-06,Queens,Music Video,Shooting Permit,1
193,2016-06,Queens,Still Photography,Shooting Permit,8
194,2016-06,Queens,Student,Shooting Permit,1
195,2016-06,Queens,Television,Rigging Permit,5
196,2016-06,Queens,Television,Shooting Permit,53
197,2016-07,Bronx,Commercial,Shooting Permit,2
198,2016-07,Bronx,Film,Shooting Permit,9
199,2016-07,Bronx,Television,DCAS Prep/Shoot/Wrap Permit,3
200,2016-07,Bronx,Television,Shooting Permit,10
201,2016-07,Bronx,Theater,Theater Load in and Load Outs,2
202,2016-07,Brooklyn,Commercial,Shooting Permit,27
203,2016-07,Brooklyn,Film,Shooting Permit,39
204,2016-07,Brooklyn,Music Video,Shooting Permit,1
205,2016-07,Brooklyn,Still Photography,Shooting Permit,19
206,2016-07,Brooklyn,Student,Shooting Permit,1
207,2016-07,Brooklyn,Television,DCAS Prep/Shoot/Wrap Permit,2
208,2016-07,Brooklyn,Television,Rigging Permit,2
209,2016-07,Brooklyn,Television,Shooting Permit,190
210,2016-07,Brooklyn,Theater,Theater Load in and Load Outs,4
211,2016-07,Brooklyn,WEB,Shooting Permit,11
212,2016-07,Manhattan,Commercial,Shooting Permit,59
213,2016-07,Manhattan,Documentary,Shooting Permit,1
214,2016-07,Manhattan,Film,Rigging Permit,10
215,2016-07,Manhattan,Film,Shooting Permit,78
216,2016-07,Manhattan,Still Photography,Shooting Permit,63
217,2016-07,Manhattan,Student,Shooting Permit,1
218,2016-07,Manhattan,Television,DCAS Prep/Shoot/Wrap Permit,14
219,2016-07,Manhattan,Television,Rigging Permit,10
220,2016-07,Manhattan,Television,Shooting Permit,267
221,2016-07,Manhattan,Television,Theater Load in and Load Outs,2
222,2016-07,Manhattan,Theater,Shooting Permit,5
223,2016-07,Manhattan,Theater,Theater Load in and Load Outs,51
224,2016-07,Manhattan,WEB,Shooting Permit,21
225,2016-07,Queens,Commercial,Shooting Permit,17
226,2016-07,Queens,Film,Shooting Permit,15
227,2016-07,Queens,Still Photography,Shooting Permit,6
228,2016-07,Queens,Television,DCAS Prep/Shoot/Wrap Permit,1
229,2016-07,Queens,Television,Shooting Permit,114
230,2016-07,Staten Island,Television,DCAS Prep/Shoot/Wrap Permit,1
231,2016-07,Staten Island,Television,Shooting Permit,16
232,2016-08,Bronx,Commercial,Shooting Permit,1
233,2016-08,Bronx,Documentary,Shooting Permit,1
234,2016-08,Bronx,Film,Shooting Permit,10
235,2016-08,Bronx,Television,DCAS Prep/Shoot/Wrap Permit,5
236,2016-08,Bronx,Television,Shooting Permit,16
237,2016-08,Brooklyn,Commercial,Shooting Permit,25
238,2016-08,Brooklyn,Film,Shooting Permit,54
239,2016-08,Brooklyn,Music Video,Shooting Permit,2
240,2016-08,Brooklyn,Still Photography,Shooting Permit,29
241,2016-08,Brooklyn,Television,Rigging Permit,4
242,2016-08,Brooklyn,Television,Shooting Permit,211
243,2016-08,Brooklyn,Theater,Theater Load in and Load Outs,9
244,2016-08,Brooklyn,WEB,Shooting Permit,22
245,2016-08,Manhattan,Commercial,Rigging Permit,1
246,2016-08,Manhattan,Commercial,Shooting Permit,62
247,2016-08,Manhattan,Film,DCAS Prep/Shoot/Wrap Permit,1
248,2016-08,Manhattan,Film,Shooting Permit,33
249,2016-08,Manhattan,Still Photography,Shooting Permit,31
250,2016-08,Manhattan,Television,DCAS Prep/Shoot/Wrap Permit,7
251,2016-08,Manhattan,Television,Rigging Permit,5
252,2016-08,Manhattan,Television,Shooting Permit,321
253,2016-08,Manhattan,Television,Theater Load in and Load Outs,3
254,2016-08,Manhattan,Theater,Theater Load in and Load Outs,34
255,2016-08,Manhattan,WEB,Shooting Permit,42
256,2016-08,Queens,Commercial,Shooting Permit,5
257,2016-08,Queens,Film,DCAS Prep/Shoot/Wrap Permit,1
258,2016-08,Queens,Film,Shooting Permit,26
259,2016-08,Queens,Still Photography,Shooting Permit,1
260,2016-08,Queens,Television,Shooting Permit,172
261,2016-08,Queens,WEB,Shooting Permit,3
262,2016-08,Staten Island,Commercial,Shooting Permit,4
263,2016-08,Staten Island,Television,Shooting Permit,15
264,2016-09,Bronx,Commercial,Shooting Permit,4
265,2016-09,Bronx,Film,Shooting Permit,2
266,2016-09,Bronx,Television,DCAS Prep/Shoot/Wrap Permit,5
267,2016-09,Bronx,Television,Shooting Permit,28
268,2016-09,Bronx,WEB,Shooting Permit,1
269,2016-09,Brooklyn,Commercial,Shooting Permit,22
270,2016-09,Brooklyn,Film,Shooting Permit,61
271,2016-09,Brooklyn,Still Photography,Shooting Permit,21
272,2016-09,Brooklyn,Television,Rigging Permit,2
273,2016-09,Brooklyn,Television,Shooting Permit,222
274,2016-09,Brooklyn,Theater,Theater Load in and Load Outs,16
275,2016-09,Brooklyn,WEB,Shooting Permit,13
276,2016-09,Manhattan,Commercial,Shooting Permit,30
277,2016-09,Manhattan,Documentary,Shooting Permit,1
278,2016-09,Manhattan,Film,DCAS Prep/Shoot/Wrap Permit,1
279,2016-09,Manhattan,Film,Shooting Permit,53
280,2016-09,Manhattan,Music Video,DCAS Prep/Shoot/Wrap Permit,1
281,2016-09,Manhattan,Red Carpet/Premiere,Shooting Permit,1
282,2016-09,Manhattan,Still Photography,Shooting Permit,26
283,2016-09,Manhattan,Television,DCAS Prep/Shoot/Wrap Permit,7
284,2016-09,Manhattan,Television,Rigging Permit,15
285,2016-09,Manhattan,Television,Shooting Permit,308
286,2016-09,Manhattan,Theater,Shooting Permit,4
287,2016-09,Manhattan,Theater,Theater Load in and Load Outs,64
288,2016-09,Manhattan,WEB,Shooting Permit,15
289,2016-09,Queens,Commercial,Shooting Permit,14
290,2016-09,Queens,Film,Rigging Permit,7
291,2016-09,Queens,Film,Shooting Permit,28
292,2016-09,Queens,Still Photography,Shooting Permit,1
293,2016-09,Queens,Television,Shooting Permit,160
294,2016-09,Queens,WEB,Shooting Permit,6
295,2016-09,Staten Island,Commercial,Shooting Permit,1
296,2016-09,Staten Island,Film,Shooting Permit,17
297,2016-09,Staten Island,Television,Shooting Permit,6
298,2016-10,Bronx,Commercial,Shooting Permit,5
299,2016-10,Bronx,Film,DCAS Prep/Shoot/Wrap Permit,1
300,2016-10,Bronx,Film,Shooting Permit,15
301,2016-10,Bronx,Television,DCAS Prep/Shoot/Wrap Permit,1
302,2016-10,Bronx,Television,Shooting Permit,22
303,2016-10,Bronx,WEB,Shooting Permit,4
304,2016-10,Brooklyn,Commercial,DCAS Prep/Shoot/Wrap Permit,1
305,2016-10,Brooklyn,Commercial,Shooting Permit,29
306,2016-10,Brooklyn,Film,Shooting Permit,54
307,2016-10,Brooklyn,Music Video,Shooting Permit,1
308,2016-10,Brooklyn,Still Photography,Shooting Permit,17
309,2016-10,Brooklyn,Student,Shooting Permit,2
310,2016-10,Brooklyn,Television,DCAS Prep/Shoot/Wrap Permit,1
311,2016-10,Brooklyn,Television,Shooting Permit,252
312,2016-10,Brooklyn,Theater,Theater Load in and Load Outs,21
313,2016-10,Brooklyn,WEB,Rigging Permit,1
314,2016-10,Brooklyn,WEB,Shooting Permit,10
315,2016-10,Manhattan,Commercial,Rigging Permit,1
316,2016-10,Manhattan,Commercial,Shooting Permit,60
317,2016-10,Manhattan,Film,Rigging Permit,1
318,2016-10,Manhattan,Film,Shooting Permit,90
319,2016-10,Manhattan,Music Video,Shooting Permit,1
320,2016-10,Manhattan,Still Photography,Shooting Permit,57
321,2016-10,Manhattan,Student,Rigging Permit,4
322,2016-10,Manhattan,Television,DCAS Prep/Shoot/Wrap Permit,12
323,2016-10,Manhattan,Television,Rigging Permit,9
324,2016-10,Manhattan,Television,Shooting Permit,310
325,2016-10,Manhattan,Television,Theater Load in and Load Outs,1
326,2016-10,Manhattan,Theater,Shooting Permit,4
327,2016-10,Manhattan,Theater,Theater Load in and Load Outs,86
328,2016-10,Manhattan,WEB,Shooting Permit,29
329,2016-10,Queens,Commercial,Shooting Permit,11
330,2016-10,Queens,Documentary,Shooting Permit,1
331,2016-10,Queens,Film,Shooting Permit,13
332,2016-10,Queens,Still Photography,Shooting Permit,4
333,2016-10,Queens,Student,Shooting Permit,1
334,2016-10,Queens,Television,Shooting Permit,161
335,2016-10,Queens,Television,Theater Load in and Load Outs,3
336,2016-10,Queens,WEB,Shooting Permit,2
337,2016-10,Staten Island,Film,DCAS Prep/Shoot/Wrap Permit,1
338,2016-10,Staten Island,Film,Shooting Permit,9
339,2016-10,Staten Island,Television,Shooting Permit,13
340,2016-11,Bronx,Commercial,Shooting Permit,2
341,2016-11,Bronx,Still Photography,DCAS Prep/Shoot/Wrap Permit,1
342,2016-11,Bronx,Television,DCAS Prep/Shoot/Wrap Permit,3
343,2016-11,Bronx,Television,Shooting Permit,32
344,2016-11,Brooklyn,Commercial,Shooting Permit,14
345,2016-11,Brooklyn,Film,DCAS Prep/Shoot/Wrap Permit,1
346,2016-11,Brooklyn,Film,Shooting Permit,51
347,2016-11,Brooklyn,Music Video,Shooting Permit,1
348,2016-11,Brooklyn,Still Photography,DCAS Prep/Shoot/Wrap Permit,1
349,2016-11,Brooklyn,Still Photography,Shooting Permit,15
350,2016-11,Brooklyn,Television,DCAS Prep/Shoot/Wrap Permit,3
351,2016-11,Brooklyn,Television,Rigging Permit,1
352,2016-11,Brooklyn,Television,Shooting Permit,207
353,2016-11,Brooklyn,Theater,Theater Load in and Load Outs,21
354,2016-11,Brooklyn,WEB,Shooting Permit,14
355,2016-11,Manhattan,Commercial,Shooting Permit,67
356,2016-11,Manhattan,Film,Shooting Permit,54
357,2016-11,Manhattan,Music Video,Shooting Permit,11
358,2016-11,Manhattan,Still Photography,Shooting Permit,45
359,2016-11,Manhattan,Student,Rigging Permit,5
360,2016-11,Manhattan,Television,DCAS Prep/Shoot/Wrap Permit,18
361,2016-11,Manhattan,Television,Rigging Permit,7
362,2016-11,Manhattan,Television,Shooting Permit,302
363,2016-11,Manhattan,Television,Theater Load in and Load Outs,1
364,2016-11,Manhattan,Theater,Shooting Permit,3
365,2016-11,Manhattan,Theater,Theater Load in and Load Outs,87
366,2016-11,Manhattan,WEB,Shooting Permit,7
367,2016-11,Queens,Commercial,Shooting Permit,4
368,2016-11,Queens,Film,Shooting Permit,3
369,2016-11,Queens,Still Photography,Shooting Permit,4
370,2016-11,Queens,Television,Shooting Permit,186
371,2016-11,Queens,WEB,Shooting Permit,5
372,2016-11,Staten Island,Television,Shooting Permit,19
373,2016-12,Bronx,Commercial,Shooting Permit,1
374,2016-12,Bronx,Film,Shooting Permit,1
375,2016-12,Bronx,Television,DCAS Prep/Shoot/Wrap Permit,1
376,2016-12,Bronx,Television,Shooting Permit,21
377,2016-12,Brooklyn,Commercial,Rigging Permit,1
378,2016-12,Brooklyn,Commercial,Shooting Permit,12
379,2016-12,Brooklyn,Film,Shooting Permit,6
380,2016-12,Brooklyn,Music Video,Shooting Permit,1
381,2016-12,Brooklyn,Still Photography,Shooting Permit,9
382,2016-12,Brooklyn,Student,Shooting Permit,3
383,2016-12,Brooklyn,Television,Rigging Permit,2
384,2016-12,Brooklyn,Television,Shooting Permit,182
385,2016-12,Brooklyn,Theater,Theater Load in and Load Outs,13
386,2016-12,Brooklyn,WEB,Shooting Permit,8
387,2016-12,Manhattan,Commercial,Shooting Permit,57
388,2016-12,Manhattan,Film,Shooting Permit,28
389,2016-12,Manhattan,Music Video,Shooting Permit,1
390,2016-12,Manhattan,Still Photography,Shooting Permit,19
391,2016-12,Manhattan,Student,Rigging Permit,3
392,2016-12,Manhattan,Television,DCAS Prep/Shoot/Wrap Permit,4
393,2016-12,Manhattan,Television,Rigging Permit,8
394,2016-12,Manhattan,Television,Shooting Permit,206
395,2016-12,Manhattan,Theater,Shooting Permit,3
396,2016-12,Manhattan,Theater,Theater Load in and Load Outs,49
397,2016-12,Manhattan,WEB,Shooting Permit,18
398,2016-12,Queens,Commercial,Shooting Permit,4
399,2016-12,Queens,Film,Shooting Permit,4
400,2016-12,Queens,Television,Shooting Permit,112
401,2016-12,Staten Island,Television,Shooting Permit,8
402,2017-01,Bronx,Commercial,Shooting Permit,1
403,2017-01,Bronx,Film,Shooting Permit,5
404,2017-01,Bronx,Still Photography,DCAS Prep/Shoot/Wrap Permit,2
405,2017-01,Bronx,Television,DCAS Prep/Shoot/Wrap Permit,3
406,2017-01,Bronx,Television,Shooting Permit,14
407,2017-01,Brooklyn,Commercial,Shooting Permit,8
408,2017-01,Brooklyn,Documentary,Shooting Permit,1
409,2017-01,Brooklyn,Film,Shooting Permit,13
410,2017-01,Brooklyn,Still Photography,Shooting Permit,1
411,2017-01,Brooklyn,Student,Shooting Permit,4
412,2017-01,Brooklyn,Television,DCAS Prep/Shoot/Wrap Permit,1
413,2017-01,Brooklyn,Television,Rigging Permit,2
414,2017-01,Brooklyn,Television,Shooting Permit,192
415,2017-01,Brooklyn,Television,Theater Load in and Load Outs,1
416,2017-01,Brooklyn,Theater,Theater Load in and Load Outs,6
417,2017-01,Brooklyn,WEB,Shooting Permit,13
418,2017-01,Manhattan,Commercial,Shooting Permit,41
419,2017-01,Manhattan,Documentary,Shooting Permit,1
420,2017-01,Manhattan,Film,Shooting Permit,65
421,2017-01,Manhattan,Still Photography,Shooting Permit,24
422,2017-01,Manhattan,Student,Rigging Permit,2
423,2017-01,Manhattan,Student,Shooting Permit,2
424,2017-01,Manhattan,Television,DCAS Prep/Shoot/Wrap Permit,11
425,2017-01,Manhattan,Television,Shooting Permit,207
426,2017-01,Manhattan,Television,Theater Load in and Load Outs,2
427,2017-01,Manhattan,Theater,Shooting Permit,3
428,2017-01,Manhattan,Theater,Theater Load in and Load Outs,42
429,2017-01,Manhattan,WEB,Shooting Permit,10
430,2017-01,Queens,Commercial,Shooting Permit,3
431,2017-01,Queens,Film,Rigging Permit,2
432,2017-01,Queens,Film,Shooting Permit,8
433,2017-01,Queens,Television,Shooting Permit,150
434,2017-01,Queens,WEB,Shooting Permit,1
435,2017-01,Staten Island,Television,Shooting Permit,14
436,2017-02,Bronx,Film,DCAS Prep/Shoot/Wrap Permit,1
437,2017-02,Bronx,Film,Shooting Permit,6
438,2017-02,Bronx,Television,DCAS Prep/Shoot/Wrap Permit,3
439,2017-02,Bronx,Television,Shooting Permit,22
440,2017-02,Bronx,WEB,Shooting Permit,1
441,2017-02,Brooklyn,Commercial,Shooting Permit,6
442,2017-02,Brooklyn,Film,Shooting Permit,27
443,2017-02,Brooklyn,Still Photography,Shooting Permit,2
444,2017-02,Brooklyn,Student,Shooting Permit,1
445,2017-02,Brooklyn,Television,DCAS Prep/Shoot/Wrap Permit,3
446,2017-02,Brooklyn,Television,Rigging Permit,4
447,2017-02,Brooklyn,Television,Shooting Permit,197
448,2017-02,Brooklyn,Theater,Theater Load in and Load Outs,15
449,2017-02,Brooklyn,WEB,Shooting Permit,3
450,2017-02,Manhattan,Commercial,Shooting Permit,52
451,2017-02,Manhattan,Film,DCAS Prep/Shoot/Wrap Permit,1
452,2017-02,Manhattan,Film,Rigging Permit,1
453,2017-02,Manhattan,Film,Shooting Permit,69
454,2017-02,Manhattan,Still Photography,Shooting Permit,15
455,2017-02,Manhattan,Student,Rigging Permit,3
456,2017-02,Manhattan,Television,DCAS Prep/Shoot/Wrap Permit,7
457,2017-02,Manhattan,Television,Shooting Permit,203
458,2017-02,Manhattan,Television,Theater Load in and Load Outs,1
459,2017-02,Manhattan,Theater,Theater Load in and Load Outs,61
460,2017-02,Manhattan,WEB,Shooting Permit,4
461,2017-02,Queens,Commercial,Shooting Permit,4
462,2017-02,Queens,Film,Shooting Permit,13
463,2017-02,Queens,Television,DCAS Prep/Shoot/Wrap Permit,1
464,2017-02,Queens,Television,Shooting Permit,141
465,2017-02,Staten Island,Television,Shooting Permit,10
466,2017-03,Bronx,Film,Shooting Permit,28
467,2017-03,Bronx,Television,DCAS Prep/Shoot/Wrap Permit,3
468,2017-03,Bronx,Television,Shooting Permit,27
469,2017-03,Brooklyn,Commercial,Shooting Permit,14
470,2017-03,Brooklyn,Film,Rigging Permit,2
471,2017-03,Brooklyn,Film,Shooting Permit,63
472,2017-03,Brooklyn,Still Photography,Shooting Permit,13
473,2017-03,Brooklyn,Student,Shooting Permit,1
474,2017-03,Brooklyn,Television,DCAS Prep/Shoot/Wrap Permit,1
475,2017-03,Brooklyn,Television,Rigging Permit,1
476,2017-03,Brooklyn,Television,Shooting Permit,156
477,2017-03,Brooklyn,Theater,Theater Load in and Load Outs,14
478,2017-03,Brooklyn,WEB,Shooting Permit,10
479,2017-03,Manhattan,Commercial,Shooting Permit,37
480,2017-03,Manhattan,Film,Rigging Permit,3
481,2017-03,Manhattan,Film,Shooting Permit,41
482,2017-03,Manhattan,Music Video,Shooting Permit,2
483,2017-03,Manhattan,Still Photography,Shooting Permit,37
484,2017-03,Manhattan,Student,Rigging Permit,2
485,2017-03,Manhattan,Television,DCAS Prep/Shoot/Wrap Permit,13
486,2017-03,Manhattan,Television,Rigging Permit,2
487,2017-03,Manhattan,Television,Shooting Permit,291
488,2017-03,Manhattan,Television,Theater Load in and Load Outs,1
489,2017-03,Manhattan,Theater,Rigging Permit,1
490,2017-03,Manhattan,Theater,Shooting Permit,3
491,2017-03,Manhattan,Theater,Theater Load in and Load Outs,89
492,2017-03,Manhattan,WEB,Shooting Permit,13
493,2017-03,Queens,Commercial,Shooting Permit,5
494,2017-03,Queens,Film,Shooting Permit,2
495,2017-03,Queens,Still Photography,Shooting Permit,12
496,2017-03,Queens,Student,Shooting Permit,1
497,2017-03,Queens,Television,DCAS Prep/Shoot/Wrap Permit,1
498,2017-03,Queens,Television,Rigging Permit,2
499,2017-03,Queens,Television,Shooting Permit,122
500,2017-03,Staten Island,Film,Shooting Permit,2
501,2017-03,Staten Island,Television,Shooting Permit,7
502,2017-04,Bronx,Commercial,Shooting Permit,2
503,2017-04,Bronx,Film,Shooting Permit,1
504,2017-04,Bronx,Television,DCAS Prep/Shoot/Wrap Permit,2
505,2017-04,Bronx,Television,Shooting Permit,14
506,2017-04,Brooklyn,Commercial,Shooting Permit,22
507,2017-04,Brooklyn,Film,Rigging Permit,3
508,2017-04,Brooklyn,Film,Shooting Permit,26
509,2017-04,Brooklyn,Still Photography,Shooting Permit,28
510,2017-04,Brooklyn,Television,DCAS Prep/Shoot/Wrap Permit,2
511,2017-04,Brooklyn,Television,Rigging Permit,1
512,2017-04,Brooklyn,Television,Shooting Permit,76
513,2017-04,Brooklyn,Theater,Theater Load in and Load Outs,19
514,2017-04,Brooklyn,WEB,Shooting Permit,5
515,2017-04,Manhattan,Commercial,Shooting Permit,51
516,2017-04,Manhattan,Documentary,Shooting Permit,1
517,2017-04,Manhattan,Film,DCAS Prep/Shoot/Wrap Permit,3
518,2017-04,Manhattan,Film,Rigging Permit,1
519,2017-04,Manhattan,Film,Shooting Permit,60
520,2017-04,Manhattan,Still Photography,Shooting Permit,77
521,2017-04,Manhattan,Student,Rigging Permit,5
522,2017-04,Manhattan,Student,Shooting Permit,1
523,2017-04,Manhattan,Television,DCAS Prep/Shoot/Wrap Permit,2
524,2017-04,Manhattan,Television,Rigging Permit,7
525,2017-04,Manhattan,Television,Shooting Permit,237
526,2017-04,Manhattan,Television,Theater Load in and Load Outs,1
527,2017-04,Manhattan,Theater,Shooting Permit,9
528,2017-04,Manhattan,Theater,Theater Load in and Load Outs,70
529,2017-04,Manhattan,WEB,Shooting Permit,22
530,2017-04,Queens,Commercial,Shooting Permit,3
531,2017-04,Queens,Film,Shooting Permit,17
532,2017-04,Queens,Television,DCAS Prep/Shoot/Wrap Permit,1
533,2017-04,Queens,Television,Rigging Permit,2
534,2017-04,Queens,Television,Shooting Permit,131
535,2017-04,Queens,WEB,Shooting Permit,1
536,2017-04,Staten Island,Film,Shooting Permit,3
537,2017-04,Staten Island,Television,Shooting Permit,2
538,2017-05,Bronx,Commercial,DCAS Prep/Shoot/Wrap Permit,1
539,2017-05,Bronx,Film,Shooting Permit,5
540,2017-05,Bronx,Television,Rigging Permit,5
541,2017-05,Bronx,Television,Shooting Permit,22
542,2017-05,Brooklyn,Commercial,Shooting Permit,9
543,2017-05,Brooklyn,Documentary,Shooting Permit,4
544,2017-05,Brooklyn,Film,Shooting Permit,33
545,2017-05,Brooklyn,Music Video,Shooting Permit,3
546,2017-05,Brooklyn,Still Photography,Shooting Permit,27
547,2017-05,Brooklyn,Student,Shooting Permit,1
548,2017-05,Brooklyn,Television,Shooting Permit,106
549,2017-05,Brooklyn,Theater,Theater Load in and Load Outs,22
550,2017-05,Brooklyn,WEB,Shooting Permit,15
551,2017-05,Manhattan,Commercial,Shooting Permit,43
552,2017-05,Manhattan,Commercial,Theater Load in and Load Outs,1
553,2017-05,Manhattan,Documentary,Shooting Permit,9
554,2017-05,Manhattan,Film,Shooting Permit,42
555,2017-05,Manhattan,Film,Theater Load in and Load Outs,1
556,2017-05,Manhattan,Still Photography,Shooting Permit,68
557,2017-05,Manhattan,Student,Rigging Permit,2
558,2017-05,Manhattan,Television,Rigging Permit,10
559,2017-05,Manhattan,Television,Shooting Permit,174
560,2017-05,Manhattan,Television,Theater Load in and Load Outs,4
561,2017-05,Manhattan,Theater,Shooting Permit,2
562,2017-05,Manhattan,Theater,Theater Load in and Load Outs,55
563,2017-05,Manhattan,WEB,Shooting Permit,43
564,2017-05,Queens,Commercial,Shooting Permit,2
565,2017-05,Queens,Documentary,Shooting Permit,1
566,2017-05,Queens,Still Photography,Shooting Permit,1
567,2017-05,Queens,Television,DCAS Prep/Shoot/Wrap Permit,1
568,2017-05,Queens,Television,Shooting Permit,58
569,2017-05,Queens,WEB,Shooting Permit,1
570,2017-05,Staten Island,Commercial,Shooting Permit,1
571,2017-05,Staten Island,Film,Shooting Permit,1
572,2017-05,Staten Island,Still Photography,Shooting Permit,1
573,2017-05,Staten Island,Television,Shooting Permit,7
574,2017-06,Bronx,Film,Shooting Permit,4
575,2017-06,Bronx,Still Photography,Shooting Permit,2
576,2017-06,Bronx,Television,DCAS Prep/Shoot/Wrap Permit,1
577,2017-06,Bronx,Television,Shooting Permit,17
578,2017-06,Bronx,WEB,Shooting Permit,1
579,2017-06,Brooklyn,Commercial,Shooting Permit,28
580,2017-06,Brooklyn,Documentary,Shooting Permit,1
581,2017-06,Brooklyn,Film,Rigging Permit,2
582,2017-06,Brooklyn,Film,Shooting Permit,51
583,2017-06,Brooklyn,Still Photography,Shooting Permit,31
584,2017-06,Brooklyn,Television,Rigging Permit,2
585,2017-06,Brooklyn,Television,Shooting Permit,172
586,2017-06,Brooklyn,Television,Theater Load in and Load Outs,2
587,2017-06,Brooklyn,Theater,Theater Load in and Load Outs,14
588,2017-06,Brooklyn,WEB,Shooting Permit,13
589,2017-06,Manhattan,Commercial,Shooting Permit,77
590,2017-06,Manhattan,Film,Rigging Permit,1
591,2017-06,Manhattan,Film,Shooting Permit,94
592,2017-06,Manhattan,Music Video,Shooting Permit,7
593,2017-06,Manhattan,Still Photography,Shooting Permit,44
594,2017-06,Manhattan,Student,Shooting Permit,1
595,2017-06,Manhattan,Television,Rigging Permit,16
596,2017-06,Manhattan,Television,Shooting Permit,190
597,2017-06,Manhattan,Television,Theater Load in and Load Outs,13
598,2017-06,Manhattan,Theater,Rigging Permit,2
599,2017-06,Manhattan,Theater,Shooting Permit,3
600,2017-06,Manhattan,Theater,Theater Load in and Load Outs,44
601,2017-06,Manhattan,WEB,Shooting Permit,20
602,2017-06,Queens,Commercial,Shooting Permit,4
603,2017-06,Queens,Film,Shooting Permit,23
604,2017-06,Queens,Still Photography,Shooting Permit,1
605,2017-06,Queens,Television,Rigging Permit,2
606,2017-06,Queens,Television,Shooting Permit,56
607,2017-06,Queens,WEB,Shooting Permit,3
608,2017-06,Staten Island,Commercial,Shooting Permit,1
609,2017-06,Staten Island,Film,Shooting Permit,9
610,2017-06,Staten Island,Television,Shooting Permit,3
611,2017-07,Bronx,Commercial,Shooting Permit,3
612,2017-07,Bronx,Film,Shooting Permit,17
613,2017-07,Bronx,Music Video,Shooting Permit,1
614,2017-07,Bronx,Still Photography,Shooting Permit,2
615,2017-07,Bronx,Television,Shooting Permit,16
616,2017-07,Bronx,WEB,Shooting Permit,1
617,2017-07,Brooklyn,Commercial,Shooting Permit,37
618,2017-07,Brooklyn,Film,DCAS Prep/Shoot/Wrap Permit,1
619,2017-07,Brooklyn,Film,Shooting Permit,119
620,2017-07,Brooklyn,Still Photography,Shooting Permit,17
621,2017-07,Brooklyn,Television,Shooting Permit,187
622,2017-07,Brooklyn,Television,Theater Load in and Load Outs,1
623,2017-07,Brooklyn,Theater,Theater Load in and Load Outs,5
624,2017-07,Brooklyn,WEB,Shooting Permit,13
625,2017-07,Manhattan,Commercial,Shooting Permit,73
626,2017-07,Manhattan,Film,Rigging Permit,12
627,2017-07,Manhattan,Film,Shooting Permit,180
628,2017-07,Manhattan,Music Video,Shooting Permit,4
629,2017-07,Manhattan,Still Photography,Shooting Permit,58
630,2017-07,Manhattan,Television,DCAS Prep/Shoot/Wrap Permit,6
631,2017-07,Manhattan,Television,Rigging Permit,7
632,2017-07,Manhattan,Television,Shooting Permit,187
633,2017-07,Manhattan,Theater,Shooting Permit,2
634,2017-07,Manhattan,Theater,Theater Load in and Load Outs,35
635,2017-07,Manhattan,WEB,Shooting Permit,15
636,2017-07,Queens,Commercial,Shooting Permit,9
637,2017-07,Queens,Film,Rigging Permit,2
638,2017-07,Queens,Film,Shooting Permit,30
639,2017-07,Queens,Music Video,Shooting Permit,2
640,2017-07,Queens,Still Photography,Shooting Permit,4
641,2017-07,Queens,Television,Rigging Permit,6
642,2017-07,Queens,Television,Shooting Permit,117
643,2017-07,Queens,WEB,Shooting Permit,2
644,2017-07,Staten Island,Commercial,Shooting Permit,1
645,2017-07,Staten Island,Film,Rigging Permit,1
646,2017-07,Staten Island,Film,Shooting Permit,9
647,2017-07,Staten Island,Television,DCAS Prep/Shoot/Wrap Permit,1
648,2017-07,Staten Island,Television,Shooting Permit,13
649,2017-08,Bronx,Commercial,Shooting Permit,4
650,2017-08,Bronx,Film,Shooting Permit,26
651,2017-08,Bronx,Television,Shooting Permit,31
652,2017-08,Bronx,WEB,Shooting Permit,1
653,2017-08,Brooklyn,Commercial,Shooting Permit,39
654,2017-08,Brooklyn,Film,DCAS Prep/Shoot/Wrap Permit,2
655,2017-08,Brooklyn,Film,Rigging Permit,2
656,2017-08,Brooklyn,Film,Shooting Permit,120
657,2017-08,Brooklyn,Still Photography,Shooting Permit,5
658,2017-08,Brooklyn,Television,DCAS Prep/Shoot/Wrap Permit,7
659,2017-08,Brooklyn,Television,Shooting Permit,194
660,2017-08,Brooklyn,Television,Theater Load in and Load Outs,2
661,2017-08,Brooklyn,Theater,Theater Load in and Load Outs,10
662,2017-08,Brooklyn,WEB,Shooting Permit,14
663,2017-08,Manhattan,Commercial,Shooting Permit,62
664,2017-08,Manhattan,Film,Shooting Permit,101
665,2017-08,Manhattan,Music Video,Shooting Permit,4
666,2017-08,Manhattan,Still Photography,Shooting Permit,34
667,2017-08,Manhattan,Student,Rigging Permit,1
668,2017-08,Manhattan,Television,DCAS Prep/Shoot/Wrap Permit,9
669,2017-08,Manhattan,Television,Rigging Permit,16
670,2017-08,Manhattan,Television,Shooting Permit,328
671,2017-08,Manhattan,Theater,Rigging Permit,4
672,2017-08,Manhattan,Theater,Shooting Permit,3
673,2017-08,Manhattan,Theater,Theater Load in and Load Outs,39
674,2017-08,Manhattan,WEB,Shooting Permit,16
675,2017-08,Queens,Commercial,Shooting Permit,5
676,2017-08,Queens,Film,DCAS Prep/Shoot/Wrap Permit,1
677,2017-08,Queens,Film,Shooting Permit,37
678,2017-08,Queens,Still Photography,Shooting Permit,1
679,2017-08,Queens,Television,Rigging Permit,1
680,2017-08,Queens,Television,Shooting Permit,191
681,2017-08,Queens,Television,Theater Load in and Load Outs,4
682,2017-08,Staten Island,Commercial,Shooting Permit,2
683,2017-08,Staten Island,Film,Shooting Permit,8
684,2017-08,Staten Island,Television,Shooting Permit,13
685,2017-09,Bronx,Film,DCAS Prep/Shoot/Wrap Permit,1
686,2017-09,Bronx,Film,Shooting Permit,3
687,2017-09,Bronx,Still Photography,Shooting Permit,1
688,2017-09,Bronx,Television,Shooting Permit,25
689,2017-09,Brooklyn,Commercial,Shooting Permit,26
690,2017-09,Brooklyn,Film,DCAS Prep/Shoot/Wrap Permit,1
691,2017-09,Brooklyn,Film,Shooting Permit,36
692,2017-09,Brooklyn,Still Photography,Shooting Permit,13
693,2017-09,Brooklyn,Television,Shooting Permit,159
694,2017-09,Brooklyn,Television,Theater Load in and Load Outs,2
695,2017-09,Brooklyn,Theater,Theater Load in and Load Outs,19
696,2017-09,Brooklyn,WEB,Shooting Permit,16
697,2017-09,Manhattan,Commercial,Shooting Permit,61
698,2017-09,Manhattan,Film,Rigging Permit,1
699,2017-09,Manhattan,Film,Shooting Permit,75
700,2017-09,Manhattan,Music Video,Shooting Permit,10
701,2017-09,Manhattan,Still Photography,DCAS Prep/Shoot/Wrap Permit,1
702,2017-09,Manhattan,Still Photography,Shooting Permit,33
703,2017-09,Manhattan,Television,DCAS Prep/Shoot/Wrap Permit,6
704,2017-09,Manhattan,Television,Rigging Permit,4
705,2017-09,Manhattan,Television,Shooting Permit,231
706,2017-09,Manhattan,Television,Theater Load in and Load Outs,1
707,2017-09,Manhattan,Theater,Shooting Permit,4
708,2017-09,Manhattan,Theater,Theater Load in and Load Outs,77
709,2017-09,Manhattan,WEB,Shooting Permit,21
710,2017-09,Queens,Commercial,Shooting Permit,8
711,2017-09,Queens,Film,Shooting Permit,16
712,2017-09,Queens,Still Photography,Shooting Permit,3
713,2017-09,Queens,Television,Rigging Permit,2
714,2017-09,Queens,Television,Shooting Permit,126
715,2017-09,Queens,WEB,Shooting Permit,1
716,2017-09,Staten Island,Film,Shooting Permit,2
717,2017-09,Staten Island,Television,Shooting Permit,12
718,2017-10,Bronx,Commercial,Shooting Permit,6
719,2017-10,Bronx,Documentary,Shooting Permit,2
720,2017-10,Bronx,Music Video,Shooting Permit,1
721,2017-10,Bronx,Still Photography,Shooting Permit,1
722,2017-10,Bronx,Television,DCAS Prep/Shoot/Wrap Permit,4
723,2017-10,Bronx,Television,Rigging Permit,2
724,2017-10,Bronx,Television,Shooting Permit,31
725,2017-10,Bronx,Television,Theater Load in and Load Outs,2
726,2017-10,Brooklyn,Commercial,Shooting Permit,20
727,2017-10,Brooklyn,Documentary,Shooting Permit,1
728,2017-10,Brooklyn,Film,Rigging Permit,1
729,2017-10,Brooklyn,Film,Shooting Permit,52
730,2017-10,Brooklyn,Music Video,Shooting Permit,2
731,2017-10,Brooklyn,Still Photography,Shooting Permit,23
732,2017-10,Brooklyn,Television,DCAS Prep/Shoot/Wrap Permit,3
733,2017-10,Brooklyn,Television,Rigging Permit,2
734,2017-10,Brooklyn,Television,Shooting Permit,196
735,2017-10,Brooklyn,Television,Theater Load in and Load Outs,2
736,2017-10,Brooklyn,Theater,Theater Load in and Load Outs,49
737,2017-10,Brooklyn,WEB,Shooting Permit,24
738,2017-10,Manhattan,Commercial,Shooting Permit,45
739,2017-10,Manhattan,Documentary,Shooting Permit,1
740,2017-10,Manhattan,Film,Rigging Permit,1
741,2017-10,Manhattan,Film,Shooting Permit,157
742,2017-10,Manhattan,Music Video,Shooting Permit,4
743,2017-10,Manhattan,Still Photography,Shooting Permit,39
744,2017-10,Manhattan,Student,Rigging Permit,4
745,2017-10,Manhattan,Television,DCAS Prep/Shoot/Wrap Permit,6
746,2017-10,Manhattan,Television,Rigging Permit,2
747,2017-10,Manhattan,Television,Shooting Permit,308
748,2017-10,Manhattan,Theater,Shooting Permit,3
749,2017-10,Manhattan,Theater,Theater Load in and Load Outs,98
750,2017-10,Manhattan,WEB,Shooting Permit,47
751,2017-10,Queens,Commercial,Shooting Permit,8
752,2017-10,Queens,Film,Shooting Permit,43
753,2017-10,Queens,Music Video,Shooting Permit,2
754,2017-10,Queens,Still Photography,Shooting Permit,4
755,2017-10,Queens,Television,Shooting Permit,156
756,2017-10,Queens,WEB,Shooting Permit,5
757,2017-10,Staten Island,Film,Shooting Permit,1
758,2017-10,Staten Island,Television,DCAS Prep/Shoot/Wrap Permit,1
759,2017-10,Staten Island,Television,Shooting Permit,8
760,2017-11,Bronx,Film,Shooting Permit,6
761,2017-11,Bronx,Television,DCAS Prep/Shoot/Wrap Permit,2
762,2017-11,Bronx,Television,Shooting Permit,25
763,2017-11,Brooklyn,Commercial,Shooting Permit,25
764,2017-11,Brooklyn,Film,Rigging Permit,2
765,2017-11,Brooklyn,Film,Shooting Permit,64
766,2017-11,Brooklyn,Still Photography,Shooting Permit,15
767,2017-11,Brooklyn,Television,DCAS Prep/Shoot/Wrap Permit,2
768,2017-11,Brooklyn,Television,Rigging Permit,5
769,2017-11,Brooklyn,Television,Shooting Permit,192
770,2017-11,Brooklyn,Television,Theater Load in and Load Outs,1
771,2017-11,Brooklyn,Theater,Theater Load in and Load Outs,50
772,2017-11,Brooklyn,WEB,Shooting Permit,8
773,2017-11,Manhattan,Commercial,Shooting Permit,50
774,2017-11,Manhattan,Film,Shooting Permit,91
775,2017-11,Manhattan,Still Photography,Shooting Permit,80
776,2017-11,Manhattan,Student,Rigging Permit,7
777,2017-11,Manhattan,Student,Shooting Permit,2
778,2017-11,Manhattan,Television,DCAS Prep/Shoot/Wrap Permit,10
779,2017-11,Manhattan,Television,Rigging Permit,3
780,2017-11,Manhattan,Television,Shooting Permit,323
781,2017-11,Manhattan,Television,Theater Load in and Load Outs,2
782,2017-11,Manhattan,Theater,Theater Load in and Load Outs,85
783,2017-11,Manhattan,WEB,Shooting Permit,48
784,2017-11,Queens,Film,Shooting Permit,15
785,2017-11,Queens,Still Photography,Shooting Permit,7
786,2017-11,Queens,Student,Shooting Permit,1
787,2017-11,Queens,Television,DCAS Prep/Shoot/Wrap Permit,2
788,2017-11,Queens,Television,Rigging Permit,1
789,2017-11,Queens,Television,Shooting Permit,144
790,2017-11,Queens,WEB,Shooting Permit,2
791,2017-11,Staten Island,Film,Shooting Permit,1
792,2017-11,Staten Island,Television,Shooting Permit,1
793,2017-12,Bronx,Film,DCAS Prep/Shoot/Wrap Permit,4
794,2017-12,Bronx,Film,Shooting Permit,4
795,2017-12,Bronx,Still Photography,Shooting Permit,2
796,2017-12,Bronx,Television,DCAS Prep/Shoot/Wrap Permit,3
797,2017-12,Bronx,Television,Shooting Permit,31
798,2017-12,Brooklyn,Commercial,Shooting Permit,17
799,2017-12,Brooklyn,Film,Shooting Permit,34
800,2017-12,Brooklyn,Still Photography,Shooting Permit,7
801,2017-12,Brooklyn,Student,Shooting Permit,3
802,2017-12,Brooklyn,Television,Shooting Permit,149
803,2017-12,Brooklyn,Theater,Theater Load in and Load Outs,30
804,2017-12,Brooklyn,WEB,Shooting Permit,5
805,2017-12,Manhattan,Commercial,Shooting Permit,19
806,2017-12,Manhattan,Film,Shooting Permit,33
807,2017-12,Manhattan,Music Video,Shooting Permit,5
808,2017-12,Manhattan,Still Photography,Shooting Permit,28
809,2017-12,Manhattan,Student,Rigging Permit,2
810,2017-12,Manhattan,Television,DCAS Prep/Shoot/Wrap Permit,4
811,2017-12,Manhattan,Television,Rigging Permit,8
812,2017-12,Manhattan,Television,Shooting Permit,289
813,2017-12,Manhattan,Theater,Shooting Permit,2
814,2017-12,Manhattan,Theater,Theater Load in and Load Outs,71
815,2017-12,Manhattan,WEB,Shooting Permit,22
816,2017-12,Queens,Commercial,Shooting Permit,6
817,2017-12,Queens,Film,Shooting Permit,25
818,2017-12,Queens,Television,Rigging Permit,2
819,2017-12,Queens,Television,Shooting Permit,137
820,2017-12,Staten Island,Film,Shooting Permit,6
821,2017-12,Staten Island,Television,DCAS Prep/Shoot/Wrap Permit,1
822,2017-12,Staten Island,Television,Shooting Permit,3
823,2018-01,Bronx,Film,DCAS Prep/Shoot/Wrap Permit,1
824,2018-01,Bronx,Film,Shooting Permit,2
825,2018-01,Bronx,Television,DCAS Prep/Shoot/Wrap Permit,4
826,2018-01,Bronx,Television,Shooting Permit,14
827,2018-01,Brooklyn,Commercial,Shooting Permit,18
828,2018-01,Brooklyn,Film,Shooting Permit,18
829,2018-01,Brooklyn,Music Video,Shooting Permit,2
830,2018-01,Brooklyn,Still Photography,Shooting Permit,2
831,2018-01,Brooklyn,Television,Shooting Permit,130
832,2018-01,Brooklyn,Theater,Theater Load in and Load Outs,10
833,2018-01,Brooklyn,WEB,Shooting Permit,2
834,2018-01,Manhattan,Commercial,Shooting Permit,52
835,2018-01,Manhattan,Film,Shooting Permit,26
836,2018-01,Manhattan,Still Photography,Shooting Permit,13
837,2018-01,Manhattan,Student,Rigging Permit,2
838,2018-01,Manhattan,Student,Shooting Permit,1
839,2018-01,Manhattan,Television,DCAS Prep/Shoot/Wrap Permit,8
840,2018-01,Manhattan,Television,Rigging Permit,3
841,2018-01,Manhattan,Television,Shooting Permit,251
842,2018-01,Manhattan,Television,Theater Load in and Load Outs,8
843,2018-01,Manhattan,Theater,Shooting Permit,1
844,2018-01,Manhattan,Theater,Theater Load in and Load Outs,57
845,2018-01,Manhattan,WEB,Shooting Permit,12
846,2018-01,Queens,Commercial,Shooting Permit,2
847,2018-01,Queens,Film,Shooting Permit,9
848,2018-01,Queens,Still Photography,Shooting Permit,4
849,2018-01,Queens,Television,DCAS Prep/Shoot/Wrap Permit,1
850,2018-01,Queens,Television,Shooting Permit,136
851,2018-01,Queens,WEB,Shooting Permit,1
852,2018-01,Staten Island,Television,Shooting Permit,2
853,2018-02,Bronx,Commercial,Shooting Permit,1
854,2018-02,Bronx,Film,Shooting Permit,6
855,2018-02,Bronx,Television,DCAS Prep/Shoot/Wrap Permit,4
856,2018-02,Bronx,Television,Shooting Permit,25
857,2018-02,Brooklyn,Commercial,Shooting Permit,16
858,2018-02,Brooklyn,Film,Shooting Permit,49
859,2018-02,Brooklyn,Music Video,Shooting Permit,6
860,2018-02,Brooklyn,Still Photography,Shooting Permit,3
861,2018-02,Brooklyn,Television,Shooting Permit,159
862,2018-02,Brooklyn,Theater,Theater Load in and Load Outs,15
863,2018-02,Brooklyn,WEB,Shooting Permit,2
864,2018-02,Manhattan,Commercial,Shooting Permit,28
865,2018-02,Manhattan,Film,Shooting Permit,71
866,2018-02,Manhattan,Music Video,Shooting Permit,7
867,2018-02,Manhattan,Still Photography,Shooting Permit,29
868,2018-02,Manhattan,Student,Rigging Permit,4
869,2018-02,Manhattan,Television,DCAS Prep/Shoot/Wrap Permit,8
870,2018-02,Manhattan,Television,Shooting Permit,211
871,2018-02,Manhattan,Theater,Shooting Permit,3
872,2018-02,Manhattan,Theater,Theater Load in and Load Outs,77
873,2018-02,Manhattan,WEB,Shooting Permit,21
874,2018-02,Queens,Commercial,Shooting Permit,3
875,2018-02,Queens,Film,Shooting Permit,18
876,2018-02,Queens,Television,Rigging Permit,4
877,2018-02,Queens,Television,Shooting Permit,157
878,2018-02,Staten Island,Television,Shooting Permit,8
879,2018-03,Bronx,Commercial,Shooting Permit,6
880,2018-03,Bronx,Film,Shooting Permit,2
881,2018-03,Bronx,Television,DCAS Prep/Shoot/Wrap Permit,2
882,2018-03,Bronx,Television,Shooting Permit,43
883,2018-03,Brooklyn,Commercial,Shooting Permit,19
884,2018-03,Brooklyn,Documentary,Shooting Permit,5
885,2018-03,Brooklyn,Film,Shooting Permit,22
886,2018-03,Brooklyn,Still Photography,Shooting Permit,17
887,2018-03,Brooklyn,Student,Shooting Permit,2
888,2018-03,Brooklyn,Television,Shooting Permit,241
889,2018-03,Brooklyn,Television,Theater Load in and Load Outs,3
890,2018-03,Brooklyn,Theater,Theater Load in and Load Outs,24
891,2018-03,Brooklyn,WEB,Shooting Permit,17
892,2018-03,Manhattan,Commercial,Shooting Permit,43
893,2018-03,Manhattan,Documentary,Shooting Permit,3
894,2018-03,Manhattan,Film,DCAS Prep/Shoot/Wrap Permit,2
895,2018-03,Manhattan,Film,Shooting Permit,80
896,2018-03,Manhattan,Film,Theater Load in and Load Outs,2
897,2018-03,Manhattan,Music Video,Shooting Permit,1
898,2018-03,Manhattan,Still Photography,Shooting Permit,50
899,2018-03,Manhattan,Student,Rigging Permit,2
900,2018-03,Manhattan,Student,Shooting Permit,1
901,2018-03,Manhattan,Television,DCAS Prep/Shoot/Wrap Permit,7
902,2018-03,Manhattan,Television,Rigging Permit,4
903,2018-03,Manhattan,Television,Shooting Permit,365
904,2018-03,Manhattan,Theater,Shooting Permit,5
905,2018-03,Manhattan,Theater,Theater Load in and Load Outs,64
906,2018-03,Manhattan,WEB,Shooting Permit,19
907,2018-03,Queens,Commercial,Shooting Permit,4
908,2018-03,Queens,Film,Shooting Permit,4
909,2018-03,Queens,Still Photography,Shooting Permit,2
910,2018-03,Queens,Student,Shooting Permit,4
911,2018-03,Queens,Television,DCAS Prep/Shoot/Wrap Permit,1
912,2018-03,Queens,Television,Rigging Permit,3
913,2018-03,Queens,Television,Shooting Permit,191
914,2018-03,Staten Island,Television,Shooting Permit,8
915,2018-04,Bronx,Film,Shooting Permit,9
916,2018-04,Bronx,Television,DCAS Prep/Shoot/Wrap Permit,5
917,2018-04,Bronx,Television,Shooting Permit,45
918,2018-04,Brooklyn,Commercial,Shooting Permit,9
919,2018-04,Brooklyn,Documentary,Shooting Permit,3
920,2018-04,Brooklyn,Film,Shooting Permit,40
921,2018-04,Brooklyn,Music Video,Shooting Permit,1
922,2018-04,Brooklyn,Still Photography,Shooting Permit,11
923,2018-04,Brooklyn,Student,Shooting Permit,1
924,2018-04,Brooklyn,Television,DCAS Prep/Shoot/Wrap Permit,1
925,2018-04,Brooklyn,Television,Rigging Permit,3
926,2018-04,Brooklyn,Television,Shooting Permit,123
927,2018-04,Brooklyn,Theater,Theater Load in and Load Outs,21
928,2018-04,Brooklyn,WEB,Shooting Permit,14
929,2018-04,Manhattan,Commercial,Shooting Permit,42
930,2018-04,Manhattan,Documentary,Shooting Permit,4
931,2018-04,Manhattan,Film,Shooting Permit,32
932,2018-04,Manhattan,Film,Theater Load in and Load Outs,5
933,2018-04,Manhattan,Still Photography,Shooting Permit,70
934,2018-04,Manhattan,Student,Rigging Permit,2
935,2018-04,Manhattan,Student,Shooting Permit,1
936,2018-04,Manhattan,Television,DCAS Prep/Shoot/Wrap Permit,2
937,2018-04,Manhattan,Television,Rigging Permit,13
938,2018-04,Manhattan,Television,Shooting Permit,226
939,2018-04,Manhattan,Television,Theater Load in and Load Outs,1
940,2018-04,Manhattan,Theater,Shooting Permit,1
941,2018-04,Manhattan,Theater,Theater Load in and Load Outs,72
942,2018-04,Manhattan,WEB,Rigging Permit,1
943,2018-04,Manhattan,WEB,Shooting Permit,51
944,2018-04,Queens,Commercial,Shooting Permit,1
945,2018-04,Queens,Film,Shooting Permit,3
946,2018-04,Queens,Still Photography,Shooting Permit,1
947,2018-04,Queens,Television,Rigging Permit,5
948,2018-04,Queens,Television,Shooting Permit,71
949,2018-04,Queens,WEB,Shooting Permit,8
950,2018-04,Staten Island,Film,Shooting Permit,5
951,2018-04,Staten Island,Television,Rigging Permit,1
952,2018-04,Staten Island,Television,Shooting Permit,10
953,2018-05,Bronx,Commercial,Shooting Permit,1
954,2018-05,Bronx,Documentary,Shooting Permit,1
955,2018-05,Bronx,Film,Shooting Permit,9
956,2018-05,Bronx,Still Photography,Shooting Permit,2
957,2018-05,Bronx,Television,Shooting Permit,24
958,2018-05,Bronx,WEB,Shooting Permit,6
959,2018-05,Brooklyn,Commercial,Shooting Permit,19
960,2018-05,Brooklyn,Documentary,Shooting Permit,2
961,2018-05,Brooklyn,Film,DCAS Prep/Shoot/Wrap Permit,2
962,2018-05,Brooklyn,Film,Rigging Permit,3
963,2018-05,Brooklyn,Film,Shooting Permit,73
964,2018-05,Brooklyn,Still Photography,Shooting Permit,45
965,2018-05,Brooklyn,Television,Shooting Permit,144
966,2018-05,Brooklyn,Theater,Theater Load in and Load Outs,26
967,2018-05,Brooklyn,WEB,Shooting Permit,9
968,2018-05,Manhattan,Commercial,Shooting Permit,62
969,2018-05,Manhattan,Commercial,Theater Load in and Load Outs,2
970,2018-05,Manhattan,Documentary,Shooting Permit,4
971,2018-05,Manhattan,Film,DCAS Prep/Shoot/Wrap Permit,1
972,2018-05,Manhattan,Film,Rigging Permit,7
973,2018-05,Manhattan,Film,Shooting Permit,144
974,2018-05,Manhattan,Still Photography,Shooting Permit,101
975,2018-05,Manhattan,Student,Rigging Permit,3
976,2018-05,Manhattan,Student,Shooting Permit,1
977,2018-05,Manhattan,Television,DCAS Prep/Shoot/Wrap Permit,3
978,2018-05,Manhattan,Television,Rigging Permit,22
979,2018-05,Manhattan,Television,Shooting Permit,238
980,2018-05,Manhattan,Television,Theater Load in and Load Outs,8
981,2018-05,Manhattan,Theater,Shooting Permit,7
982,2018-05,Manhattan,Theater,Theater Load in and Load Outs,74
983,2018-05,Manhattan,WEB,Shooting Permit,34
984,2018-05,Queens,Commercial,Shooting Permit,2
985,2018-05,Queens,Documentary,Shooting Permit,2
986,2018-05,Queens,Film,Shooting Permit,20
987,2018-05,Queens,Television,DCAS Prep/Shoot/Wrap Permit,1
988,2018-05,Queens,Television,Shooting Permit,70
989,2018-05,Queens,Television,Theater Load in and Load Outs,2
990,2018-05,Staten Island,Documentary,Shooting Permit,1
991,2018-05,Staten Island,Film,Shooting Permit,5
992,2018-06,Bronx,Commercial,Shooting Permit,5
993,2018-06,Bronx,Film,Rigging Permit,3
994,2018-06,Bronx,Film,Shooting Permit,2
995,2018-06,Bronx,Television,Shooting Permit,24
996,2018-06,Brooklyn,Commercial,Shooting Permit,35
997,2018-06,Brooklyn,Documentary,Shooting Permit,2
998,2018-06,Brooklyn,Film,Rigging Permit,1
999,2018-06,Brooklyn,Film,Shooting Permit,48
"1,000",2018-06,Brooklyn,Music Video,Shooting Permit,1
"1,001",2018-06,Brooklyn,Still Photography,Shooting Permit,28
"1,002",2018-06,Brooklyn,Television,Shooting Permit,130
"1,003",2018-06,Brooklyn,Theater,Theater Load in and Load Outs,14
"1,004",2018-06,Brooklyn,WEB,Shooting Permit,25
"1,005",2018-06,Manhattan,Commercial,DCAS Prep/Shoot/Wrap Permit,2
"1,006",2018-06,Manhattan,Commercial,Shooting Permit,65
"1,007",2018-06,Manhattan,Documentary,Shooting Permit,2
"1,008",2018-06,Manhattan,Film,DCAS Prep/Shoot/Wrap Permit,2
"1,009",2018-06,Manhattan,Film,Rigging Permit,3
"1,010",2018-06,Manhattan,Film,Shooting Permit,131
"1,011",2018-06,Manhattan,Music Video,Shooting Permit,11
"1,012",2018-06,Manhattan,Still Photography,Shooting Permit,49
"1,013",2018-06,Manhattan,Television,Rigging Permit,20
"1,014",2018-06,Manhattan,Television,Shooting Permit,193
"1,015",2018-06,Manhattan,Television,Theater Load in and Load Outs,2
"1,016",2018-06,Manhattan,Theater,Shooting Permit,6
"1,017",2018-06,Manhattan,Theater,Theater Load in and Load Outs,81
"1,018",2018-06,Manhattan,WEB,Shooting Permit,46
"1,019",2018-06,Queens,Commercial,Shooting Permit,7
"1,020",2018-06,Queens,Documentary,Shooting Permit,1
"1,021",2018-06,Queens,Film,Shooting Permit,9
"1,022",2018-06,Queens,Still Photography,Shooting Permit,3
"1,023",2018-06,Queens,Television,DCAS Prep/Shoot/Wrap Permit,1
"1,024",2018-06,Queens,Television,Shooting Permit,62
"1,025",2018-06,Queens,WEB,Shooting Permit,12
"1,026",2018-06,Staten Island,Film,Shooting Permit,26
"1,027",2018-06,Staten Island,Music Video,Shooting Permit,2
"1,028",2018-06,Staten Island,Student,Shooting Permit,3
"1,029",2018-06,Staten Island,Television,DCAS Prep/Shoot/Wrap Permit,1
"1,030",2018-06,Staten Island,Television,Shooting Permit,2
"1,031",2018-07,Bronx,Commercial,Shooting Permit,6
"1,032",2018-07,Bronx,Film,Shooting Permit,8
"1,033",2018-07,Bronx,Television,Shooting Permit,28
"1,034",2018-07,Bronx,Theater,Theater Load in and Load Outs,1
"1,035",2018-07,Bronx,WEB,Shooting Permit,1
"1,036",2018-07,Brooklyn,Commercial,Shooting Permit,33
"1,037",2018-07,Brooklyn,Documentary,Shooting Permit,1
"1,038",2018-07,Brooklyn,Film,DCAS Prep/Shoot/Wrap Permit,1
"1,039",2018-07,Brooklyn,Film,Shooting Permit,49
"1,040",2018-07,Brooklyn,Music Video,Shooting Permit,14
"1,041",2018-07,Brooklyn,Still Photography,Shooting Permit,14
"1,042",2018-07,Brooklyn,Television,DCAS Prep/Shoot/Wrap Permit,1
"1,043",2018-07,Brooklyn,Television,Rigging Permit,1
"1,044",2018-07,Brooklyn,Television,Shooting Permit,189
"1,045",2018-07,Brooklyn,Television,Theater Load in and Load Outs,2
"1,046",2018-07,Brooklyn,Theater,Theater Load in and Load Outs,4
"1,047",2018-07,Brooklyn,WEB,Shooting Permit,19
"1,048",2018-07,Manhattan,Commercial,Shooting Permit,41
"1,049",2018-07,Manhattan,Documentary,Shooting Permit,9
"1,050",2018-07,Manhattan,Film,Shooting Permit,92
"1,051",2018-07,Manhattan,Music Video,Shooting Permit,7
"1,052",2018-07,Manhattan,Still Photography,Shooting Permit,49
"1,053",2018-07,Manhattan,Television,DCAS Prep/Shoot/Wrap Permit,4
"1,054",2018-07,Manhattan,Television,Rigging Permit,13
"1,055",2018-07,Manhattan,Television,Shooting Permit,242
"1,056",2018-07,Manhattan,Television,Theater Load in and Load Outs,1
"1,057",2018-07,Manhattan,Theater,Shooting Permit,4
"1,058",2018-07,Manhattan,Theater,Theater Load in and Load Outs,44
"1,059",2018-07,Manhattan,WEB,Shooting Permit,25
"1,060",2018-07,Queens,Commercial,Shooting Permit,5
"1,061",2018-07,Queens,Film,Shooting Permit,24
"1,062",2018-07,Queens,Music Video,Shooting Permit,1
"1,063",2018-07,Queens,Still Photography,Shooting Permit,4
"1,064",2018-07,Queens,Television,DCAS Prep/Shoot/Wrap Permit,1
"1,065",2018-07,Queens,Television,Shooting Permit,138
"1,066",2018-07,Queens,WEB,Shooting Permit,8
"1,067",2018-07,Staten Island,Film,Shooting Permit,9
"1,068",2018-07,Staten Island,Television,DCAS Prep/Shoot/Wrap Permit,1
"1,069",2018-07,Staten Island,Television,Shooting Permit,1
"1,070",2018-08,Bronx,Commercial,Shooting Permit,3
"1,071",2018-08,Bronx,Film,Shooting Permit,28
"1,072",2018-08,Bronx,Television,DCAS Prep/Shoot/Wrap Permit,3
"1,073",2018-08,Bronx,Television,Rigging Permit,2
"1,074",2018-08,Bronx,Television,Shooting Permit,27
"1,075",2018-08,Bronx,WEB,Shooting Permit,4
"1,076",2018-08,Brooklyn,Commercial,Shooting Permit,35
"1,077",2018-08,Brooklyn,Documentary,Shooting Permit,1
"1,078",2018-08,Brooklyn,Film,Shooting Permit,68
"1,079",2018-08,Brooklyn,Music Video,Shooting Permit,2
"1,080",2018-08,Brooklyn,Still Photography,Shooting Permit,23
"1,081",2018-08,Brooklyn,Television,Rigging Permit,5
"1,082",2018-08,Brooklyn,Television,Shooting Permit,247
"1,083",2018-08,Brooklyn,Theater,Theater Load in and Load Outs,16
"1,084",2018-08,Brooklyn,WEB,Shooting Permit,26
"1,085",2018-08,Manhattan,Commercial,Shooting Permit,77
"1,086",2018-08,Manhattan,Documentary,Shooting Permit,1
"1,087",2018-08,Manhattan,Film,Rigging Permit,3
"1,088",2018-08,Manhattan,Film,Shooting Permit,45
"1,089",2018-08,Manhattan,Music Video,Shooting Permit,3
"1,090",2018-08,Manhattan,Still Photography,Shooting Permit,20
"1,091",2018-08,Manhattan,Student,Rigging Permit,2
"1,092",2018-08,Manhattan,Television,DCAS Prep/Shoot/Wrap Permit,12
"1,093",2018-08,Manhattan,Television,Rigging Permit,27
"1,094",2018-08,Manhattan,Television,Shooting Permit,322
"1,095",2018-08,Manhattan,Theater,Shooting Permit,1
"1,096",2018-08,Manhattan,Theater,Theater Load in and Load Outs,45
"1,097",2018-08,Manhattan,WEB,Rigging Permit,2
"1,098",2018-08,Manhattan,WEB,Shooting Permit,34
"1,099",2018-08,Queens,Commercial,Shooting Permit,12
"1,100",2018-08,Queens,Documentary,Shooting Permit,3
"1,101",2018-08,Queens,Film,Shooting Permit,8
"1,102",2018-08,Queens,Television,Rigging Permit,1
"1,103",2018-08,Queens,Television,Shooting Permit,195
"1,104",2018-08,Queens,WEB,Shooting Permit,12
"1,105",2018-08,Staten Island,Film,Shooting Permit,1
"1,106",2018-08,Staten Island,Television,Shooting Permit,3
"1,107",2018-09,Bronx,Film,Rigging Permit,1
"1,108",2018-09,Bronx,Film,Shooting Permit,23
"1,109",2018-09,Bronx,Student,Shooting Permit,1
"1,110",2018-09,Bronx,Television,DCAS Prep/Shoot/Wrap Permit,2
"1,111",2018-09,Bronx,Television,Rigging Permit,1
"1,112",2018-09,Bronx,Television,Shooting Permit,20
"1,113",2018-09,Bronx,WEB,Shooting Permit,3
"1,114",2018-09,Brooklyn,Commercial,Shooting Permit,27
"1,115",2018-09,Brooklyn,Documentary,Shooting Permit,2
"1,116",2018-09,Brooklyn,Film,Shooting Permit,43
"1,117",2018-09,Brooklyn,Music Video,Shooting Permit,5
"1,118",2018-09,Brooklyn,Still Photography,Shooting Permit,34
"1,119",2018-09,Brooklyn,Student,Shooting Permit,1
"1,120",2018-09,Brooklyn,Television,Shooting Permit,166
"1,121",2018-09,Brooklyn,Theater,Theater Load in and Load Outs,22
"1,122",2018-09,Brooklyn,WEB,Shooting Permit,10
"1,123",2018-09,Manhattan,Commercial,Rigging Permit,1
"1,124",2018-09,Manhattan,Commercial,Shooting Permit,71
"1,125",2018-09,Manhattan,Commercial,Theater Load in and Load Outs,1
"1,126",2018-09,Manhattan,Documentary,Shooting Permit,4
"1,127",2018-09,Manhattan,Film,DCAS Prep/Shoot/Wrap Permit,1
"1,128",2018-09,Manhattan,Film,Rigging Permit,6
"1,129",2018-09,Manhattan,Film,Shooting Permit,73
"1,130",2018-09,Manhattan,Music Video,Shooting Permit,4
"1,131",2018-09,Manhattan,Still Photography,DCAS Prep/Shoot/Wrap Permit,2
"1,132",2018-09,Manhattan,Still Photography,Shooting Permit,51
"1,133",2018-09,Manhattan,Television,DCAS Prep/Shoot/Wrap Permit,6
"1,134",2018-09,Manhattan,Television,Rigging Permit,12
"1,135",2018-09,Manhattan,Television,Shooting Permit,283
"1,136",2018-09,Manhattan,Television,Theater Load in and Load Outs,4
"1,137",2018-09,Manhattan,Theater,Shooting Permit,1
"1,138",2018-09,Manhattan,Theater,Theater Load in and Load Outs,72
"1,139",2018-09,Manhattan,WEB,Shooting Permit,23
"1,140",2018-09,Queens,Commercial,Shooting Permit,2
"1,141",2018-09,Queens,Film,Shooting Permit,15
"1,142",2018-09,Queens,Music Video,Shooting Permit,2
"1,143",2018-09,Queens,Television,DCAS Prep/Shoot/Wrap Permit,1
"1,144",2018-09,Queens,Television,Shooting Permit,206
"1,145",2018-09,Queens,Television,Theater Load in and Load Outs,3
"1,146",2018-09,Queens,WEB,Shooting Permit,4
"1,147",2018-09,Staten Island,Film,Shooting Permit,2
"1,148",2018-09,Staten Island,Television,Shooting Permit,14
"1,149",2018-10,Bronx,Commercial,Shooting Permit,4
"1,150",2018-10,Bronx,Film,Shooting Permit,11
"1,151",2018-10,Bronx,Music Video,Shooting Permit,1
"1,152",2018-10,Bronx,Television,DCAS Prep/Shoot/Wrap Permit,7
"1,153",2018-10,Bronx,Television,Rigging Permit,2
"1,154",2018-10,Bronx,Television,Shooting Permit,28
"1,155",2018-10,Brooklyn,Commercial,Shooting Permit,43
"1,156",2018-10,Brooklyn,Documentary,Shooting Permit,4
"1,157",2018-10,Brooklyn,Film,DCAS Prep/Shoot/Wrap Permit,1
"1,158",2018-10,Brooklyn,Film,Shooting Permit,76
"1,159",2018-10,Brooklyn,Music Video,Shooting Permit,2
"1,160",2018-10,Brooklyn,Still Photography,Shooting Permit,41
"1,161",2018-10,Brooklyn,Television,DCAS Prep/Shoot/Wrap Permit,4
"1,162",2018-10,Brooklyn,Television,Rigging Permit,1
"1,163",2018-10,Brooklyn,Television,Shooting Permit,268
"1,164",2018-10,Brooklyn,Television,Theater Load in and Load Outs,1
"1,165",2018-10,Brooklyn,Theater,Shooting Permit,1
"1,166",2018-10,Brooklyn,Theater,Theater Load in and Load Outs,40
"1,167",2018-10,Brooklyn,WEB,Shooting Permit,22
"1,168",2018-10,Manhattan,Commercial,Shooting Permit,59
"1,169",2018-10,Manhattan,Commercial,Theater Load in and Load Outs,2
"1,170",2018-10,Manhattan,Documentary,Shooting Permit,6
"1,171",2018-10,Manhattan,Film,Rigging Permit,1
"1,172",2018-10,Manhattan,Film,Shooting Permit,112
"1,173",2018-10,Manhattan,Music Video,Shooting Permit,1
"1,174",2018-10,Manhattan,Still Photography,Shooting Permit,139
"1,175",2018-10,Manhattan,Student,Rigging Permit,4
"1,176",2018-10,Manhattan,Television,DCAS Prep/Shoot/Wrap Permit,8
"1,177",2018-10,Manhattan,Television,Rigging Permit,14
"1,178",2018-10,Manhattan,Television,Shooting Permit,370
"1,179",2018-10,Manhattan,Television,Theater Load in and Load Outs,2
"1,180",2018-10,Manhattan,Theater,Shooting Permit,6
"1,181",2018-10,Manhattan,Theater,Theater Load in and Load Outs,120
"1,182",2018-10,Manhattan,WEB,Shooting Permit,38
"1,183",2018-10,Queens,Commercial,Shooting Permit,7
"1,184",2018-10,Queens,Film,Shooting Permit,6
"1,185",2018-10,Queens,Still Photography,Shooting Permit,10
"1,186",2018-10,Queens,Television,DCAS Prep/Shoot/Wrap Permit,1
"1,187",2018-10,Queens,Television,Rigging Permit,7
"1,188",2018-10,Queens,Television,Shooting Permit,224
"1,189",2018-10,Queens,WEB,Shooting Permit,18
"1,190",2018-10,Staten Island,Film,Shooting Permit,8
"1,191",2018-10,Staten Island,Student,Shooting Permit,3
"1,192",2018-10,Staten Island,Television,Shooting Permit,9
"1,193",2018-10,Staten Island,WEB,DCAS Prep/Shoot/Wrap Permit,1
"1,194",2018-10,Staten Island,WEB,Shooting Permit,2
"1,195",2018-11,Bronx,Film,Shooting Permit,8
"1,196",2018-11,Bronx,Still Photography,Shooting Permit,1
"1,197",2018-11,Bronx,Television,DCAS Prep/Shoot/Wrap Permit,5
"1,198",2018-11,Bronx,Television,Shooting Permit,33
"1,199",2018-11,Brooklyn,Commercial,Shooting Permit,29
"1,200",2018-11,Brooklyn,Documentary,Shooting Permit,1
"1,201",2018-11,Brooklyn,Film,Shooting Permit,74
"1,202",2018-11,Brooklyn,Still Photography,Shooting Permit,18
"1,203",2018-11,Brooklyn,Student,Shooting Permit,1
"1,204",2018-11,Brooklyn,Television,Rigging Permit,1
"1,205",2018-11,Brooklyn,Television,Shooting Permit,259
"1,206",2018-11,Brooklyn,Theater,Theater Load in and Load Outs,38
"1,207",2018-11,Brooklyn,WEB,Shooting Permit,13
"1,208",2018-11,Manhattan,Commercial,Shooting Permit,29
"1,209",2018-11,Manhattan,Documentary,Shooting Permit,5
"1,210",2018-11,Manhattan,Film,DCAS Prep/Shoot/Wrap Permit,1
"1,211",2018-11,Manhattan,Film,Shooting Permit,61
"1,212",2018-11,Manhattan,Music Video,Shooting Permit,1
"1,213",2018-11,Manhattan,Still Photography,Shooting Permit,46
"1,214",2018-11,Manhattan,Student,Rigging Permit,4
"1,215",2018-11,Manhattan,Television,DCAS Prep/Shoot/Wrap Permit,6
"1,216",2018-11,Manhattan,Television,Rigging Permit,1
"1,217",2018-11,Manhattan,Television,Shooting Permit,323
"1,218",2018-11,Manhattan,Television,Theater Load in and Load Outs,4
"1,219",2018-11,Manhattan,Theater,Shooting Permit,4
"1,220",2018-11,Manhattan,Theater,Theater Load in and Load Outs,117
"1,221",2018-11,Manhattan,WEB,Shooting Permit,21
"1,222",2018-11,Queens,Commercial,Shooting Permit,2
"1,223",2018-11,Queens,Film,Shooting Permit,3
"1,224",2018-11,Queens,Still Photography,Shooting Permit,2
"1,225",2018-11,Queens,Television,DCAS Prep/Shoot/Wrap Permit,1
"1,226",2018-11,Queens,Television,Shooting Permit,186
"1,227",2018-11,Queens,Television,Theater Load in and Load Outs,1
"1,228",2018-11,Queens,WEB,Shooting Permit,2
"1,229",2018-11,Staten Island,Film,Shooting Permit,2
"1,230",2018-11,Staten Island,Television,Shooting Permit,25
"1,231",2018-12,Bronx,Commercial,Shooting Permit,3
"1,232",2018-12,Bronx,Still Photography,Shooting Permit,4
"1,233",2018-12,Bronx,Television,Shooting Permit,16
"1,234",2018-12,Bronx,WEB,Shooting Permit,3
"1,235",2018-12,Brooklyn,Commercial,Shooting Permit,23
"1,236",2018-12,Brooklyn,Film,Shooting Permit,21
"1,237",2018-12,Brooklyn,Music Video,Shooting Permit,1
"1,238",2018-12,Brooklyn,Still Photography,Shooting Permit,10
"1,239",2018-12,Brooklyn,Television,Shooting Permit,158
"1,240",2018-12,Brooklyn,Theater,Theater Load in and Load Outs,19
"1,241",2018-12,Brooklyn,WEB,Shooting Permit,7
"1,242",2018-12,Manhattan,Commercial,Shooting Permit,37
"1,243",2018-12,Manhattan,Documentary,Shooting Permit,1
"1,244",2018-12,Manhattan,Film,Shooting Permit,27
"1,245",2018-12,Manhattan,Still Photography,Shooting Permit,15
"1,246",2018-12,Manhattan,Student,Rigging Permit,4
"1,247",2018-12,Manhattan,Student,Shooting Permit,4
"1,248",2018-12,Manhattan,Television,DCAS Prep/Shoot/Wrap Permit,10
"1,249",2018-12,Manhattan,Television,Rigging Permit,7
"1,250",2018-12,Manhattan,Television,Shooting Permit,210
"1,251",2018-12,Manhattan,Television,Theater Load in and Load Outs,2
"1,252",2018-12,Manhattan,Theater,Theater Load in and Load Outs,86
"1,253",2018-12,Manhattan,WEB,Rigging Permit,1
"1,254",2018-12,Manhattan,WEB,Shooting Permit,17
"1,255",2018-12,Queens,Commercial,Shooting Permit,1
"1,256",2018-12,Queens,Documentary,Shooting Permit,2
"1,257",2018-12,Queens,Film,Shooting Permit,8
"1,258",2018-12,Queens,Music Video,Shooting Permit,3
"1,259",2018-12,Queens,Still Photography,Shooting Permit,1
"1,260",2018-12,Queens,Television,Shooting Permit,107
"1,261",2018-12,Queens,Television,Theater Load in and Load Outs,1
"1,262",2018-12,Queens,WEB,Shooting Permit,4
"1,263",2018-12,Staten Island,Film,Shooting Permit,2
"1,264",2018-12,Staten Island,Television,Shooting Permit,4
"1,265",2019-01,Bronx,Commercial,Shooting Permit,1
"1,266",2019-01,Bronx,Film,Shooting Permit,1
"1,267",2019-01,Bronx,Television,Shooting Permit,18
"1,268",2019-01,Brooklyn,Commercial,Shooting Permit,3
"1,269",2019-01,Brooklyn,Documentary,Shooting Permit,2
"1,270",2019-01,Brooklyn,Film,Shooting Permit,20
"1,271",2019-01,Brooklyn,Music Video,Shooting Permit,1
"1,272",2019-01,Brooklyn,Still Photography,Shooting Permit,5
"1,273",2019-01,Brooklyn,Television,Rigging Permit,1
"1,274",2019-01,Brooklyn,Television,Shooting Permit,178
"1,275",2019-01,Brooklyn,Theater,Theater Load in and Load Outs,14
"1,276",2019-01,Brooklyn,WEB,Shooting Permit,5
"1,277",2019-01,Manhattan,Commercial,Rigging Permit,2
"1,278",2019-01,Manhattan,Commercial,Shooting Permit,26
"1,279",2019-01,Manhattan,Film,Shooting Permit,36
"1,280",2019-01,Manhattan,Still Photography,Shooting Permit,12
"1,281",2019-01,Manhattan,Student,Rigging Permit,2
"1,282",2019-01,Manhattan,Television,DCAS Prep/Shoot/Wrap Permit,10
"1,283",2019-01,Manhattan,Television,Rigging Permit,6
"1,284",2019-01,Manhattan,Television,Shooting Permit,193
"1,285",2019-01,Manhattan,Television,Theater Load in and Load Outs,1
"1,286",2019-01,Manhattan,Theater,Shooting Permit,1
"1,287",2019-01,Manhattan,Theater,Theater Load in and Load Outs,51
"1,288",2019-01,Manhattan,WEB,Shooting Permit,28
"1,289",2019-01,Queens,Film,Shooting Permit,3
"1,290",2019-01,Queens,Television,DCAS Prep/Shoot/Wrap Permit,1
"1,291",2019-01,Queens,Television,Shooting Permit,113
"1,292",2019-01,Staten Island,Television,Shooting Permit,2
"1,293",2019-02,Bronx,Film,Shooting Permit,5
"1,294",2019-02,Bronx,Television,Shooting Permit,35
"1,295",2019-02,Brooklyn,Commercial,Shooting Permit,12
"1,296",2019-02,Brooklyn,Film,Shooting Permit,21
"1,297",2019-02,Brooklyn,Still Photography,Shooting Permit,11
"1,298",2019-02,Brooklyn,Television,Rigging Permit,3
"1,299",2019-02,Brooklyn,Television,Shooting Permit,158
"1,300",2019-02,Brooklyn,Theater,Theater Load in and Load Outs,28
"1,301",2019-02,Brooklyn,WEB,Shooting Permit,8
"1,302",2019-02,Manhattan,Commercial,Shooting Permit,31
"1,303",2019-02,Manhattan,Documentary,Shooting Permit,3
"1,304",2019-02,Manhattan,Film,Shooting Permit,25
"1,305",2019-02,Manhattan,Still Photography,Shooting Permit,19
"1,306",2019-02,Manhattan,Student,Rigging Permit,1
"1,307",2019-02,Manhattan,Television,Rigging Permit,12
"1,308",2019-02,Manhattan,Television,Shooting Permit,211
"1,309",2019-02,Manhattan,Television,Theater Load in and Load Outs,3
"1,310",2019-02,Manhattan,Theater,Theater Load in and Load Outs,73
"1,311",2019-02,Manhattan,WEB,DCAS Prep/Shoot/Wrap Permit,1
"1,312",2019-02,Manhattan,WEB,Shooting Permit,17
"1,313",2019-02,Manhattan,WEB,Theater Load in and Load Outs,2
"1,314",2019-02,Queens,Commercial,Shooting Permit,11
"1,315",2019-02,Queens,Film,Shooting Permit,6
"1,316",2019-02,Queens,Television,DCAS Prep/Shoot/Wrap Permit,1
"1,317",2019-02,Queens,Television,Rigging Permit,7
"1,318",2019-02,Queens,Television,Shooting Permit,114
"1,319",2019-02,Staten Island,Commercial,Shooting Permit,1
"1,320",2019-02,Staten Island,Television,Shooting Permit,11
"1,321",2019-03,Bronx,Commercial,Shooting Permit,1
"1,322",2019-03,Bronx,Film,Shooting Permit,12
"1,323",2019-03,Bronx,Television,DCAS Prep/Shoot/Wrap Permit,4
"1,324",2019-03,Bronx,Television,Rigging Permit,1
"1,325",2019-03,Bronx,Television,Shooting Permit,39
"1,326",2019-03,Brooklyn,Commercial,Shooting Permit,16
"1,327",2019-03,Brooklyn,Film,Shooting Permit,45
"1,328",2019-03,Brooklyn,Still Photography,Shooting Permit,10
"1,329",2019-03,Brooklyn,Student,Shooting Permit,1
"1,330",2019-03,Brooklyn,Television,Rigging Permit,3
"1,331",2019-03,Brooklyn,Television,Shooting Permit,185
"1,332",2019-03,Brooklyn,Television,Theater Load in and Load Outs,1
"1,333",2019-03,Brooklyn,Theater,Theater Load in and Load Outs,17
"1,334",2019-03,Brooklyn,WEB,Shooting Permit,10
"1,335",2019-03,Manhattan,Commercial,Shooting Permit,36
"1,336",2019-03,Manhattan,Documentary,Shooting Permit,8
"1,337",2019-03,Manhattan,Film,Shooting Permit,52
"1,338",2019-03,Manhattan,Music Video,Shooting Permit,1
"1,339",2019-03,Manhattan,Still Photography,Shooting Permit,15
"1,340",2019-03,Manhattan,Student,Rigging Permit,1
"1,341",2019-03,Manhattan,Student,Shooting Permit,5
"1,342",2019-03,Manhattan,Television,DCAS Prep/Shoot/Wrap Permit,7
"1,343",2019-03,Manhattan,Television,Rigging Permit,15
"1,344",2019-03,Manhattan,Television,Shooting Permit,422
"1,345",2019-03,Manhattan,Television,Theater Load in and Load Outs,4
"1,346",2019-03,Manhattan,Theater,Shooting Permit,7
"1,347",2019-03,Manhattan,Theater,Theater Load in and Load Outs,90
"1,348",2019-03,Manhattan,WEB,Shooting Permit,25
"1,349",2019-03,Queens,Commercial,Shooting Permit,3
"1,350",2019-03,Queens,Film,Shooting Permit,25
"1,351",2019-03,Queens,Still Photography,Shooting Permit,2
"1,352",2019-03,Queens,Television,Rigging Permit,1
"1,353",2019-03,Queens,Television,Shooting Permit,137
"1,354",2019-03,Queens,WEB,Shooting Permit,4
"1,355",2019-03,Staten Island,Film,Shooting Permit,2
"1,356",2019-03,Staten Island,Television,Shooting Permit,22
"1,357",2019-04,Bronx,Commercial,Shooting Permit,3
"1,358",2019-04,Bronx,Film,DCAS Prep/Shoot/Wrap Permit,1
"1,359",2019-04,Bronx,Film,Shooting Permit,10
"1,360",2019-04,Bronx,Still Photography,Shooting Permit,2
"1,361",2019-04,Bronx,Television,DCAS Prep/Shoot/Wrap Permit,2
"1,362",2019-04,Bronx,Television,Shooting Permit,41
"1,363",2019-04,Bronx,WEB,Shooting Permit,2
"1,364",2019-04,Brooklyn,Commercial,Shooting Permit,19
"1,365",2019-04,Brooklyn,Film,Rigging Permit,1
"1,366",2019-04,Brooklyn,Film,Shooting Permit,66
"1,367",2019-04,Brooklyn,Still Photography,Shooting Permit,20
"1,368",2019-04,Brooklyn,Student,Shooting Permit,4
"1,369",2019-04,Brooklyn,Television,Rigging Permit,2
"1,370",2019-04,Brooklyn,Television,Shooting Permit,124
"1,371",2019-04,Brooklyn,Theater,Rigging Permit,4
"1,372",2019-04,Brooklyn,Theater,Theater Load in and Load Outs,26
"1,373",2019-04,Brooklyn,WEB,Shooting Permit,9
"1,374",2019-04,Manhattan,Commercial,Shooting Permit,91
"1,375",2019-04,Manhattan,Film,DCAS Prep/Shoot/Wrap Permit,3
"1,376",2019-04,Manhattan,Film,Shooting Permit,93
"1,377",2019-04,Manhattan,Still Photography,Shooting Permit,109
"1,378",2019-04,Manhattan,Student,Rigging Permit,4
"1,379",2019-04,Manhattan,Television,DCAS Prep/Shoot/Wrap Permit,14
"1,380",2019-04,Manhattan,Television,Rigging Permit,3
"1,381",2019-04,Manhattan,Television,Shooting Permit,314
"1,382",2019-04,Manhattan,Theater,Shooting Permit,4
"1,383",2019-04,Manhattan,Theater,Theater Load in and Load Outs,98
"1,384",2019-04,Manhattan,WEB,Shooting Permit,47
"1,385",2019-04,Manhattan,WEB,Theater Load in and Load Outs,1
"1,386",2019-04,Queens,Commercial,Shooting Permit,6
"1,387",2019-04,Queens,Film,Shooting Permit,19
"1,388",2019-04,Queens,Television,Shooting Permit,111
"1,389",2019-04,Queens,WEB,Shooting Permit,5
"1,390",2019-04,Staten Island,Television,DCAS Prep/Shoot/Wrap Permit,1
"1,391",2019-04,Staten Island,Television,Shooting Permit,24
"1,392",2019-05,Bronx,Film,Shooting Permit,8
"1,393",2019-05,Bronx,Television,Shooting Permit,28
"1,394",2019-05,Brooklyn,Commercial,Shooting Permit,33
"1,395",2019-05,Brooklyn,Film,Rigging Permit,2
"1,396",2019-05,Brooklyn,Film,Shooting Permit,48
"1,397",2019-05,Brooklyn,Music Video,Shooting Permit,2
"1,398",2019-05,Brooklyn,Still Photography,Shooting Permit,27
"1,399",2019-05,Brooklyn,Television,Shooting Permit,66
"1,400",2019-05,Brooklyn,Theater,Theater Load in and Load Outs,24
"1,401",2019-05,Brooklyn,WEB,Shooting Permit,15
"1,402",2019-05,Manhattan,Commercial,Shooting Permit,54
"1,403",2019-05,Manhattan,Documentary,Shooting Permit,2
"1,404",2019-05,Manhattan,Film,Rigging Permit,1
"1,405",2019-05,Manhattan,Film,Shooting Permit,27
"1,406",2019-05,Manhattan,Film,Theater Load in and Load Outs,1
"1,407",2019-05,Manhattan,Music Video,Shooting Permit,21
"1,408",2019-05,Manhattan,Still Photography,DCAS Prep/Shoot/Wrap Permit,1
"1,409",2019-05,Manhattan,Still Photography,Shooting Permit,63
"1,410",2019-05,Manhattan,Student,Rigging Permit,1
"1,411",2019-05,Manhattan,Student,Shooting Permit,2
"1,412",2019-05,Manhattan,Television,DCAS Prep/Shoot/Wrap Permit,2
"1,413",2019-05,Manhattan,Television,Rigging Permit,4
"1,414",2019-05,Manhattan,Television,Shooting Permit,238
"1,415",2019-05,Manhattan,Television,Theater Load in and Load Outs,4
"1,416",2019-05,Manhattan,Theater,Shooting Permit,2
"1,417",2019-05,Manhattan,Theater,Theater Load in and Load Outs,122
"1,418",2019-05,Manhattan,WEB,Shooting Permit,51
"1,419",2019-05,Queens,Commercial,Shooting Permit,5
"1,420",2019-05,Queens,Film,Shooting Permit,25
"1,421",2019-05,Queens,Still Photography,Shooting Permit,2
"1,422",2019-05,Queens,Television,Rigging Permit,4
"1,423",2019-05,Queens,Television,Shooting Permit,77
"1,424",2019-05,Queens,WEB,Shooting Permit,8
"1,425",2019-05,Staten Island,Film,Shooting Permit,1
"1,426",2019-05,Staten Island,Television,Shooting Permit,32
"1,427",2019-06,Bronx,Film,Shooting Permit,9
"1,428",2019-06,Bronx,Television,DCAS Prep/Shoot/Wrap Permit,2
"1,429",2019-06,Bronx,Television,Shooting Permit,31
"1,430",2019-06,Brooklyn,Commercial,Shooting Permit,33
"1,431",2019-06,Brooklyn,Documentary,Shooting Permit,1
"1,432",2019-06,Brooklyn,Film,Shooting Permit,45
"1,433",2019-06,Brooklyn,Still Photography,Shooting Permit,36
"1,434",2019-06,Brooklyn,Television,Shooting Permit,75
"1,435",2019-06,Brooklyn,Television,Theater Load in and Load Outs,1
"1,436",2019-06,Brooklyn,Theater,Shooting Permit,1
"1,437",2019-06,Brooklyn,Theater,Theater Load in and Load Outs,22
"1,438",2019-06,Brooklyn,WEB,Shooting Permit,10
"1,439",2019-06,Manhattan,Commercial,Shooting Permit,44
"1,440",2019-06,Manhattan,Documentary,Shooting Permit,6
"1,441",2019-06,Manhattan,Film,DCAS Prep/Shoot/Wrap Permit,5
"1,442",2019-06,Manhattan,Film,Rigging Permit,21
"1,443",2019-06,Manhattan,Film,Shooting Permit,146
"1,444",2019-06,Manhattan,Music Video,Shooting Permit,2
"1,445",2019-06,Manhattan,Still Photography,DCAS Prep/Shoot/Wrap Permit,1
"1,446",2019-06,Manhattan,Still Photography,Shooting Permit,79
"1,447",2019-06,Manhattan,Television,Rigging Permit,10
"1,448",2019-06,Manhattan,Television,Shooting Permit,186
"1,449",2019-06,Manhattan,Television,Theater Load in and Load Outs,2
"1,450",2019-06,Manhattan,Theater,Shooting Permit,9
"1,451",2019-06,Manhattan,Theater,Theater Load in and Load Outs,81
"1,452",2019-06,Manhattan,WEB,Shooting Permit,24
"1,453",2019-06,Queens,Commercial,Shooting Permit,1
"1,454",2019-06,Queens,Film,DCAS Prep/Shoot/Wrap Permit,1
"1,455",2019-06,Queens,Film,Shooting Permit,13
"1,456",2019-06,Queens,Still Photography,Shooting Permit,1
"1,457",2019-06,Queens,Television,Rigging Permit,2
"1,458",2019-06,Queens,Television,Shooting Permit,66
"1,459",2019-06,Queens,WEB,Shooting Permit,3
"1,460",2019-06,Staten Island,Documentary,Shooting Permit,1
"1,461",2019-06,Staten Island,Film,Shooting Permit,26
"1,462",2019-06,Staten Island,Television,Shooting Permit,32
"1,463",2019-07,Bronx,Film,Shooting Permit,7
"1,464",2019-07,Bronx,Still Photography,Shooting Permit,3
"1,465",2019-07,Bronx,Television,DCAS Prep/Shoot/Wrap Permit,2
"1,466",2019-07,Bronx,Television,Shooting Permit,12
"1,467",2019-07,Bronx,WEB,Shooting Permit,2
"1,468",2019-07,Brooklyn,Commercial,Shooting Permit,26
"1,469",2019-07,Brooklyn,Film,Shooting Permit,41
"1,470",2019-07,Brooklyn,Music Video,Shooting Permit,3
"1,471",2019-07,Brooklyn,Still Photography,Shooting Permit,27
"1,472",2019-07,Brooklyn,Television,DCAS Prep/Shoot/Wrap Permit,2
"1,473",2019-07,Brooklyn,Television,Rigging Permit,1
"1,474",2019-07,Brooklyn,Television,Shooting Permit,128
"1,475",2019-07,Brooklyn,Theater,Theater Load in and Load Outs,7
"1,476",2019-07,Brooklyn,WEB,Shooting Permit,13
"1,477",2019-07,Manhattan,Commercial,Shooting Permit,45
"1,478",2019-07,Manhattan,Film,DCAS Prep/Shoot/Wrap Permit,2
"1,479",2019-07,Manhattan,Film,Rigging Permit,22
"1,480",2019-07,Manhattan,Film,Shooting Permit,128
"1,481",2019-07,Manhattan,Still Photography,Shooting Permit,49
"1,482",2019-07,Manhattan,Television,DCAS Prep/Shoot/Wrap Permit,8
"1,483",2019-07,Manhattan,Television,Rigging Permit,8
"1,484",2019-07,Manhattan,Television,Shooting Permit,263
"1,485",2019-07,Manhattan,Television,Theater Load in and Load Outs,2
"1,486",2019-07,Manhattan,Theater,Shooting Permit,3
"1,487",2019-07,Manhattan,Theater,Theater Load in and Load Outs,84
"1,488",2019-07,Manhattan,WEB,Shooting Permit,35
"1,489",2019-07,Queens,Commercial,Shooting Permit,2
"1,490",2019-07,Queens,Film,DCAS Prep/Shoot/Wrap Permit,1
"1,491",2019-07,Queens,Film,Shooting Permit,13
"1,492",2019-07,Queens,Music Video,Shooting Permit,1
"1,493",2019-07,Queens,Television,Shooting Permit,116
"1,494",2019-07,Queens,WEB,Shooting Permit,4
"1,495",2019-07,Staten Island,Film,Rigging Permit,1
"1,496",2019-07,Staten Island,Film,Shooting Permit,30
"1,497",2019-07,Staten Island,Television,Rigging Permit,1
"1,498",2019-07,Staten Island,Television,Shooting Permit,12
"1,499",2019-08,Bronx,Commercial,Shooting Permit,1
"1,500",2019-08,Bronx,Film,Shooting Permit,4
"1,501",2019-08,Bronx,Television,DCAS Prep/Shoot/Wrap Permit,1
"1,502",2019-08,Bronx,Television,Shooting Permit,5
"1,503",2019-08,Bronx,WEB,Shooting Permit,4
"1,504",2019-08,Brooklyn,Commercial,Shooting Permit,17
"1,505",2019-08,Brooklyn,Documentary,Shooting Permit,3
"1,506",2019-08,Brooklyn,Film,Shooting Permit,29
"1,507",2019-08,Brooklyn,Music Video,Shooting Permit,3
"1,508",2019-08,Brooklyn,Still Photography,Shooting Permit,35
"1,509",2019-08,Brooklyn,Student,Shooting Permit,1
"1,510",2019-08,Brooklyn,Television,Rigging Permit,3
"1,511",2019-08,Brooklyn,Television,Shooting Permit,238
"1,512",2019-08,Brooklyn,Theater,Theater Load in and Load Outs,11
"1,513",2019-08,Brooklyn,WEB,Shooting Permit,6
"1,514",2019-08,Manhattan,Commercial,Shooting Permit,58
"1,515",2019-08,Manhattan,Documentary,Shooting Permit,5
"1,516",2019-08,Manhattan,Film,Rigging Permit,2
"1,517",2019-08,Manhattan,Film,Shooting Permit,60
"1,518",2019-08,Manhattan,Music Video,Shooting Permit,6
"1,519",2019-08,Manhattan,Still Photography,Shooting Permit,30
"1,520",2019-08,Manhattan,Student,Rigging Permit,2
"1,521",2019-08,Manhattan,Television,DCAS Prep/Shoot/Wrap Permit,2
"1,522",2019-08,Manhattan,Television,Rigging Permit,16
"1,523",2019-08,Manhattan,Television,Shooting Permit,259
"1,524",2019-08,Manhattan,Television,Theater Load in and Load Outs,1
"1,525",2019-08,Manhattan,Theater,Shooting Permit,5
"1,526",2019-08,Manhattan,Theater,Theater Load in and Load Outs,76
"1,527",2019-08,Manhattan,WEB,DCAS Prep/Shoot/Wrap Permit,1
"1,528",2019-08,Manhattan,WEB,Shooting Permit,26
"1,529",2019-08,Queens,Commercial,Shooting Permit,4
"1,530",2019-08,Queens,Film,Rigging Permit,1
"1,531",2019-08,Queens,Film,Shooting Permit,10
"1,532",2019-08,Queens,Still Photography,Shooting Permit,4
"1,533",2019-08,Queens,Television,DCAS Prep/Shoot/Wrap Permit,2
"1,534",2019-08,Queens,Television,Shooting Permit,215
"1,535",2019-08,Queens,WEB,Shooting Permit,6
"1,536",2019-08,Staten Island,Commercial,Shooting Permit,1
"1,537",2019-08,Staten Island,Film,Shooting Permit,9
"1,538",2019-08,Staten Island,Music Video,Shooting Permit,2
"1,539",2019-08,Staten Island,Television,Shooting Permit,4
"1,540",2019-09,Bronx,Film,Shooting Permit,2
"1,541",2019-09,Bronx,Still Photography,Shooting Permit,8
"1,542",2019-09,Bronx,Television,DCAS Prep/Shoot/Wrap Permit,1
"1,543",2019-09,Bronx,Television,Shooting Permit,6
"1,544",2019-09,Bronx,WEB,Shooting Permit,1
"1,545",2019-09,Brooklyn,Commercial,Shooting Permit,37
"1,546",2019-09,Brooklyn,Documentary,Shooting Permit,3
"1,547",2019-09,Brooklyn,Film,Shooting Permit,20
"1,548",2019-09,Brooklyn,Still Photography,Shooting Permit,18
"1,549",2019-09,Brooklyn,Television,DCAS Prep/Shoot/Wrap Permit,1
"1,550",2019-09,Brooklyn,Television,Shooting Permit,215
"1,551",2019-09,Brooklyn,Theater,Theater Load in and Load Outs,15
"1,552",2019-09,Brooklyn,WEB,Shooting Permit,24
"1,553",2019-09,Manhattan,Commercial,Shooting Permit,47
"1,554",2019-09,Manhattan,Commercial,Theater Load in and Load Outs,2
"1,555",2019-09,Manhattan,Documentary,Shooting Permit,4
"1,556",2019-09,Manhattan,Film,Shooting Permit,52
"1,557",2019-09,Manhattan,Music Video,Shooting Permit,1
"1,558",2019-09,Manhattan,Still Photography,Shooting Permit,37
"1,559",2019-09,Manhattan,Student,Shooting Permit,1
"1,560",2019-09,Manhattan,Television,DCAS Prep/Shoot/Wrap Permit,9
"1,561",2019-09,Manhattan,Television,Rigging Permit,5
"1,562",2019-09,Manhattan,Television,Shooting Permit,222
"1,563",2019-09,Manhattan,Television,Theater Load in and Load Outs,1
"1,564",2019-09,Manhattan,Theater,Shooting Permit,4
"1,565",2019-09,Manhattan,Theater,Theater Load in and Load Outs,133
"1,566",2019-09,Manhattan,WEB,Rigging Permit,2
"1,567",2019-09,Manhattan,WEB,Shooting Permit,20
"1,568",2019-09,Queens,Commercial,Shooting Permit,2
"1,569",2019-09,Queens,Film,Shooting Permit,3
"1,570",2019-09,Queens,Still Photography,Shooting Permit,3
"1,571",2019-09,Queens,Television,DCAS Prep/Shoot/Wrap Permit,3
"1,572",2019-09,Queens,Television,Rigging Permit,14
"1,573",2019-09,Queens,Television,Shooting Permit,188
"1,574",2019-09,Queens,WEB,Shooting Permit,2
"1,575",2019-09,Staten Island,Commercial,Shooting Permit,4
"1,576",2019-09,Staten Island,Student,Shooting Permit,2
"1,577",2019-09,Staten Island,Television,DCAS Prep/Shoot/Wrap Permit,1
"1,578",2019-09,Staten Island,Television,Shooting Permit,5
"1,579",2019-10,Bronx,Commercial,Shooting Permit,5
"1,580",2019-10,Bronx,Film,Shooting Permit,5
"1,581",2019-10,Bronx,Still Photography,Shooting Permit,1
"1,582",2019-10,Bronx,Television,DCAS Prep/Shoot/Wrap Permit,2
"1,583",2019-10,Bronx,Television,Shooting Permit,9
"1,584",2019-10,Bronx,Television,Theater Load in and Load Outs,2
"1,585",2019-10,Brooklyn,Commercial,Shooting Permit,15
"1,586",2019-10,Brooklyn,Documentary,Shooting Permit,7
"1,587",2019-10,Brooklyn,Film,Shooting Permit,43
"1,588",2019-10,Brooklyn,Music Video,Shooting Permit,5
"1,589",2019-10,Brooklyn,Still Photography,Shooting Permit,29
"1,590",2019-10,Brooklyn,Student,Shooting Permit,2
"1,591",2019-10,Brooklyn,Television,DCAS Prep/Shoot/Wrap Permit,1
"1,592",2019-10,Brooklyn,Television,Shooting Permit,217
"1,593",2019-10,Brooklyn,Television,Theater Load in and Load Outs,1
"1,594",2019-10,Brooklyn,Theater,Theater Load in and Load Outs,20
"1,595",2019-10,Brooklyn,WEB,Rigging Permit,1
"1,596",2019-10,Brooklyn,WEB,Shooting Permit,14
"1,597",2019-10,Manhattan,Commercial,Shooting Permit,70
"1,598",2019-10,Manhattan,Film,Shooting Permit,120
"1,599",2019-10,Manhattan,Music Video,Shooting Permit,5
"1,600",2019-10,Manhattan,Still Photography,Shooting Permit,41
"1,601",2019-10,Manhattan,Student,Rigging Permit,5
"1,602",2019-10,Manhattan,Television,DCAS Prep/Shoot/Wrap Permit,10
"1,603",2019-10,Manhattan,Television,Rigging Permit,1
"1,604",2019-10,Manhattan,Television,Shooting Permit,285
"1,605",2019-10,Manhattan,Television,Theater Load in and Load Outs,1
"1,606",2019-10,Manhattan,Theater,Shooting Permit,5
"1,607",2019-10,Manhattan,Theater,Theater Load in and Load Outs,160
"1,608",2019-10,Manhattan,WEB,Shooting Permit,16
"1,609",2019-10,Queens,Commercial,Shooting Permit,5
"1,610",2019-10,Queens,Film,Shooting Permit,10
"1,611",2019-10,Queens,Still Photography,Shooting Permit,7
"1,612",2019-10,Queens,Television,Shooting Permit,257
"1,613",2019-10,Queens,WEB,Shooting Permit,4
"1,614",2019-10,Staten Island,Commercial,Shooting Permit,6
"1,615",2019-10,Staten Island,Television,Shooting Permit,2
"1,616",2019-11,Bronx,Film,Shooting Permit,5
"1,617",2019-11,Bronx,Television,DCAS Prep/Shoot/Wrap Permit,1
"1,618",2019-11,Bronx,Television,Shooting Permit,26
"1,619",2019-11,Brooklyn,Commercial,Shooting Permit,15
"1,620",2019-11,Brooklyn,Documentary,Shooting Permit,2
"1,621",2019-11,Brooklyn,Film,Shooting Permit,68
"1,622",2019-11,Brooklyn,Still Photography,Shooting Permit,15
"1,623",2019-11,Brooklyn,Student,Shooting Permit,2
"1,624",2019-11,Brooklyn,Television,Shooting Permit,250
"1,625",2019-11,Brooklyn,Theater,Theater Load in and Load Outs,23
"1,626",2019-11,Brooklyn,WEB,Shooting Permit,5
"1,627",2019-11,Manhattan,Commercial,Shooting Permit,47
"1,628",2019-11,Manhattan,Documentary,Shooting Permit,2
"1,629",2019-11,Manhattan,Film,Shooting Permit,75
"1,630",2019-11,Manhattan,Still Photography,Shooting Permit,9
"1,631",2019-11,Manhattan,Student,Rigging Permit,4
"1,632",2019-11,Manhattan,Television,DCAS Prep/Shoot/Wrap Permit,11
"1,633",2019-11,Manhattan,Television,Rigging Permit,4
"1,634",2019-11,Manhattan,Television,Shooting Permit,269
"1,635",2019-11,Manhattan,Theater,Shooting Permit,3
"1,636",2019-11,Manhattan,Theater,Theater Load in and Load Outs,139
"1,637",2019-11,Manhattan,WEB,Shooting Permit,17
"1,638",2019-11,Queens,Commercial,Shooting Permit,2
"1,639",2019-11,Queens,Film,DCAS Prep/Shoot/Wrap Permit,1
"1,640",2019-11,Queens,Film,Shooting Permit,25
"1,641",2019-11,Queens,Television,Shooting Permit,210
"1,642",2019-11,Queens,WEB,Shooting Permit,2
"1,643",2019-11,Staten Island,Film,Shooting Permit,1
"1,644",2019-11,Staten Island,Television,Shooting Permit,5
"1,645",2019-12,Bronx,Still Photography,Shooting Permit,2
"1,646",2019-12,Bronx,Television,DCAS Prep/Shoot/Wrap Permit,5
"1,647",2019-12,Bronx,Television,Shooting Permit,30
"1,648",2019-12,Bronx,WEB,Shooting Permit,1
"1,649",2019-12,Brooklyn,Commercial,Shooting Permit,19
"1,650",2019-12,Brooklyn,Documentary,Shooting Permit,1
"1,651",2019-12,Brooklyn,Film,Shooting Permit,44
"1,652",2019-12,Brooklyn,Music Video,Shooting Permit,5
"1,653",2019-12,Brooklyn,Still Photography,Shooting Permit,9
"1,654",2019-12,Brooklyn,Student,Shooting Permit,1
"1,655",2019-12,Brooklyn,Television,DCAS Prep/Shoot/Wrap Permit,1
"1,656",2019-12,Brooklyn,Television,Shooting Permit,168
"1,657",2019-12,Brooklyn,Theater,Theater Load in and Load Outs,18
"1,658",2019-12,Brooklyn,WEB,Shooting Permit,11
"1,659",2019-12,Manhattan,Commercial,Shooting Permit,29
"1,660",2019-12,Manhattan,Documentary,Shooting Permit,6
"1,661",2019-12,Manhattan,Film,Shooting Permit,39
"1,662",2019-12,Manhattan,Film,Theater Load in and Load Outs,1
"1,663",2019-12,Manhattan,Music Video,Shooting Permit,1
"1,664",2019-12,Manhattan,Still Photography,Shooting Permit,10
"1,665",2019-12,Manhattan,Student,Rigging Permit,4
"1,666",2019-12,Manhattan,Television,DCAS Prep/Shoot/Wrap Permit,6
"1,667",2019-12,Manhattan,Television,Rigging Permit,3
"1,668",2019-12,Manhattan,Television,Shooting Permit,214
"1,669",2019-12,Manhattan,Theater,Theater Load in and Load Outs,117
"1,670",2019-12,Manhattan,WEB,Shooting Permit,40
"1,671",2019-12,Queens,Commercial,Shooting Permit,6
"1,672",2019-12,Queens,Film,Shooting Permit,12
"1,673",2019-12,Queens,Television,Shooting Permit,165
"1,674",2019-12,Staten Island,Television,Shooting Permit,7
"1,675",2020-01,Bronx,Commercial,Shooting Permit,1
"1,676",2020-01,Bronx,Film,Shooting Permit,1
"1,677",2020-01,Bronx,Television,DCAS Prep/Shoot/Wrap Permit,4
"1,678",2020-01,Bronx,Television,Shooting Permit,21
"1,679",2020-01,Brooklyn,Commercial,Shooting Permit,13
"1,680",2020-01,Brooklyn,Film,Shooting Permit,8
"1,681",2020-01,Brooklyn,Still Photography,Shooting Permit,9
"1,682",2020-01,Brooklyn,Student,Shooting Permit,8
"1,683",2020-01,Brooklyn,Television,Shooting Permit,197
"1,684",2020-01,Brooklyn,Theater,Theater Load in and Load Outs,5
"1,685",2020-01,Brooklyn,WEB,Shooting Permit,5
"1,686",2020-01,Manhattan,Commercial,Shooting Permit,28
"1,687",2020-01,Manhattan,Documentary,Shooting Permit,18
"1,688",2020-01,Manhattan,Film,Shooting Permit,18
"1,689",2020-01,Manhattan,Still Photography,Shooting Permit,5
"1,690",2020-01,Manhattan,Student,Rigging Permit,3
"1,691",2020-01,Manhattan,Student,Shooting Permit,2
"1,692",2020-01,Manhattan,Television,DCAS Prep/Shoot/Wrap Permit,11
"1,693",2020-01,Manhattan,Television,Shooting Permit,206
"1,694",2020-01,Manhattan,Television,Theater Load in and Load Outs,1
"1,695",2020-01,Manhattan,Theater,Shooting Permit,7
"1,696",2020-01,Manhattan,Theater,Theater Load in and Load Outs,70
"1,697",2020-01,Manhattan,WEB,DCAS Prep/Shoot/Wrap Permit,1
"1,698",2020-01,Manhattan,WEB,Shooting Permit,23
"1,699",2020-01,Queens,Commercial,Shooting Permit,2
"1,700",2020-01,Queens,Film,Shooting Permit,3
"1,701",2020-01,Queens,Television,Rigging Permit,15
"1,702",2020-01,Queens,Television,Shooting Permit,159
"1,703",2020-02,Bronx,Documentary,Shooting Permit,3
"1,704",2020-02,Bronx,Television,DCAS Prep/Shoot/Wrap Permit,2
"1,705",2020-02,Bronx,Television,Shooting Permit,20
"1,706",2020-02,Brooklyn,Commercial,Shooting Permit,13
"1,707",2020-02,Brooklyn,Film,Shooting Permit,11
"1,708",2020-02,Brooklyn,Music Video,Shooting Permit,1
"1,709",2020-02,Brooklyn,Still Photography,Shooting Permit,6
"1,710",2020-02,Brooklyn,Television,DCAS Prep/Shoot/Wrap Permit,1
"1,711",2020-02,Brooklyn,Television,Shooting Permit,169
"1,712",2020-02,Brooklyn,Theater,Theater Load in and Load Outs,22
"1,713",2020-02,Brooklyn,WEB,Shooting Permit,6
"1,714",2020-02,Manhattan,Commercial,DCAS Prep/Shoot/Wrap Permit,1
"1,715",2020-02,Manhattan,Commercial,Shooting Permit,11
"1,716",2020-02,Manhattan,Documentary,Shooting Permit,5
"1,717",2020-02,Manhattan,Film,Shooting Permit,22
"1,718",2020-02,Manhattan,Music Video,Shooting Permit,1
"1,719",2020-02,Manhattan,Still Photography,Shooting Permit,5
"1,720",2020-02,Manhattan,Student,Rigging Permit,2
"1,721",2020-02,Manhattan,Student,Shooting Permit,1
"1,722",2020-02,Manhattan,Television,DCAS Prep/Shoot/Wrap Permit,13
"1,723",2020-02,Manhattan,Television,Rigging Permit,1
"1,724",2020-02,Manhattan,Television,Shooting Permit,240
"1,725",2020-02,Manhattan,Television,Theater Load in and Load Outs,1
"1,726",2020-02,Manhattan,Theater,Shooting Permit,1
"1,727",2020-02,Manhattan,Theater,Theater Load in and Load Outs,94
"1,728",2020-02,Manhattan,WEB,Shooting Permit,7
"1,729",2020-02,Queens,Commercial,Shooting Permit,5
"1,730",2020-02,Queens,Film,Shooting Permit,12
"1,731",2020-02,Queens,Student,Shooting Permit,3
"1,732",2020-02,Queens,Television,DCAS Prep/Shoot/Wrap Permit,3
"1,733",2020-02,Queens,Television,Rigging Permit,1
"1,734",2020-02,Queens,Television,Shooting Permit,112
"1,735",2020-02,Staten Island,Television,Shooting Permit,3
"1,736",2020-03,Bronx,Commercial,Shooting Permit,2
"1,737",2020-03,Bronx,Film,Shooting Permit,2
"1,738",2020-03,Bronx,Television,DCAS Prep/Shoot/Wrap Permit,1
"1,739",2020-03,Bronx,Television,Shooting Permit,23
"1,740",2020-03,Brooklyn,Commercial,Shooting Permit,9
"1,741",2020-03,Brooklyn,Film,Shooting Permit,14
"1,742",2020-03,Brooklyn,Still Photography,Shooting Permit,2
"1,743",2020-03,Brooklyn,Television,Rigging Permit,1
"1,744",2020-03,Brooklyn,Television,Shooting Permit,76
"1,745",2020-03,Brooklyn,Theater,Theater Load in and Load Outs,4
"1,746",2020-03,Brooklyn,WEB,Shooting Permit,4
"1,747",2020-03,Manhattan,Commercial,Shooting Permit,20
"1,748",2020-03,Manhattan,Film,Rigging Permit,2
"1,749",2020-03,Manhattan,Film,Shooting Permit,16
"1,750",2020-03,Manhattan,Still Photography,Shooting Permit,5
"1,751",2020-03,Manhattan,Student,Rigging Permit,2
"1,752",2020-03,Manhattan,Student,Shooting Permit,1
"1,753",2020-03,Manhattan,Television,DCAS Prep/Shoot/Wrap Permit,6
"1,754",2020-03,Manhattan,Television,Rigging Permit,4
"1,755",2020-03,Manhattan,Television,Shooting Permit,130
"1,756",2020-03,Manhattan,Theater,Shooting Permit,1
"1,757",2020-03,Manhattan,Theater,Theater Load in and Load Outs,35
"1,758",2020-03,Manhattan,WEB,Shooting Permit,11
"1,759",2020-03,Queens,Film,Shooting Permit,4
"1,760",2020-03,Queens,Television,Rigging Permit,1
"1,761",2020-03,Queens,Television,Shooting Permit,45
"1,762",2020-03,Staten Island,Television,Shooting Permit,2
"1,763",2020-07,Brooklyn,Television,Shooting Permit,1
"1,764",2020-08,Brooklyn,WEB,Shooting Permit,1
"1,765",2020-08,Manhattan,Theater,Theater Load in and Load Outs,3